frage,antwort,dateiname,metadaten,frage_typ,datengrundlage,datenquelle_schwierigkeit
"Wo finde ich Daten zu Spielgeräten auf Dortmunder Spielplätzen?",ja bzw Link zu Datei,fb63-spielgeraete.csv,spielgerate,simple,1,
Wie viele Menschen zwischen 25 und unter 65 Jahren hatten 2018 den Bachelor als höchsten Bildungsabschluss?,9288000,Tabelle-0.61.csv,bevolkerung-im-alter-von-25-bis-unter-65-jahren-nach-bildungsabschluss-isced-2011-und-geschlech,simple with restriction,2,
"Wie viele Plätze hat die Kinderkrippe ""Biene Maja"" in Rostock?",66,kinderbetreuungseinrichtungen.csv,kinderbetreuungseinrichtungen,simple with restriction,2,"nicht standardmäßige struktur der csv datei, nur Trennstriche"
Wie viele untergebrachte wohnungslose Frauen gab es 2024 in Nordfriesland?,510,22971-0080_00.csv,untergebrachte-wohnungslose-personen-kreise-stichtag-nationalitat-geschlecht-altersgruppen4b34b,simple with restriction,2,
Wie viele Geschwindigkeitsüberschreitungen gab es in Aachen im Jahr 2021?,67949,2021_bussgelder-fliessender-verkehr-geschwindigkeitsubertretungen.csv,bussgelder-fliessender-verkehr-2021-der-stadt-aachenf3ee5,aggregation,2,
Was kosten 100 kg Elstar Äpfel aus Belgien in KW16 2025 auf deutschen Großmärkten?,155€,Markt-und-Preisbericht-Obst-und-Gemüse.csv,markt-und-preisbericht-obst-und-gemuse,simple with restriction,2,"nicht standardmäßige struktur der csv datei, nur Trennstriche"
Wie viele Querbeet Gemeinschaftsgärten gibt es in Dortmund?,57,querbeet-gemeinschaftsgarten.csv,querbeet-gemeinschaftsgarten,aggregation,2,
"Wie groß ist das Bergbaufeld ""Prinzessin Victoria""?",8 421 307 m2,rhein-kreis-neuss-bergbauberechtigungen.csv,rhein-kreis-neuss-bergbauberechtigungen,simple with restriction,2,
"Wie oft wurde 2023 in der Stadt Leipzig der Vorname ""Leona"" (1. Vorname) vergeben?",Insgesamt 1 Mal,vornamensstatistik_2023.csv,vornamensstatistik_2023,simple with restriction,2,"1 Mal als Erstname und 2 Mal als Zweitname. Nicht standardmäßige struktur der csv datei, nur Trennstriche. "
Welche Kommune hatte 2024 mehr verkaufsoffene Sonntage? Emmerich oder Geldern?,Geldern. Geldern hatte 2024 5 verkaufsoffene Sonntage und Emmerich 2,verkaufsoffene_sonntage_2024_nrw_nach_rechtsverordnung_ss_6_abs_1_s_2_loeg_nrw.csv,verkaufsoffene-sonntage-ab-2024-nach-rechtsverordnung-6-abs-1-s-2-log-nrw,comparison,2,
Gibt es noch Telefonzellen in der Metropolregion Rhein-Neckar?,ja,OSM_MRN_amenity_telephone_4326_Point.csv,telefonzellen,simple with restriction,2,"nicht standardmäßige struktur der csv datei, nur Trennstriche"
Welche Leistung haben die Vestas Windkraftanlagen in Stormarn Feldhorst?,es gibt dort keine von vestas,opendata_wka_ib_gv_vb_sh_20250402.csv,windkraftanlagen301be,false premise,2,
Wie viele Linden gibt es in Rostock?,12462,baeume.csv,baeume,aggregation,2,"Spalte gattung_deutsch==linde, nicht standardmäßige struktur der csv datei, nur Trennstriche"
Welche Defibrillatoren in Oldenburg sind durchgängig erreichbar?,"Johanniter-Unfall-Hilfe e. V., Bäcker Bruno, Stadt Oldenburg Zentraler Außendienst und City Wache, Dorfgemeinschaft Bunker Club Bornhorst e. V.",E0701_AEDs_2025_04_01.csv,standorte-der-defibrillatoren3eae7,set,2,
Wie viele Apotheken gibt es in 22850 Norderstedt?,7,apotheke.csv,apotheken487b7,aggregation,2,"nicht standardmäßige struktur der csv datei, nur Trennstriche"
"Welche Erreger-Variante (Influenza A oder B) weist in Berlin für das aktuelle Jahr bislang die größere gesamte virale Fracht (gc/Tag), über alle Klärwerke aufsummiert, auf?",Influenza B,BEWAC_abwassermonitoring_berlin.csv,abwassermonitoring-berlin-viruslast-im-abwasser,comparison,2,"85 Messungen Influenza A: 924.618.254.395 gc; 85 Messungen Influenza B: 1.234.028.819.251 gc"
"Wo finde ich heraus, welche Kindergärten in Nordfriesland im Jahr 2021 Friesisch unterrichtet haben?",Link zur Datei,tabelle_39.csv,ubersicht-aller-friesisch-arbeitenden-kindergarten-in-nordfriesland-stand-01-2021,simple,1,"nicht standardmäßige struktur der csv datei, nur Trennstriche"
Wie viele Dioxine wurden 1994 in Frauenmilch nachgewiesen?,"20,4 PCDD/PCDF",Dioxin_Frauenmilch_1990_2009.csv,zeitlicher-trend-der-dioxingehalte-in-frauenmilch-aus-deutschland-1990-2009,simple with restriction,2,
Wie lang ist die Badestelle am Vollstedter See?,30m,badegewasser-stammdaten.csv,badegewasser-stammdaten7cdd6,simple with restriction,2,"nicht standardmäßige struktur der csv datei, nur Trennstriche"
Von wann bis wann ging 2024 die Badesaison am Vollstedter See?,01.06.24 bis 15.09.24,v_badesaison_odata.csv badegewasser-stammdaten.csv,badegewasser-saisondauer5c10d badegewasser-stammdaten7cdd6,multi hop,2,"nicht standardmäßige struktur der csv datei, nur Trennstriche"
Wie viele Ballettaufführungen gab es in der Spielzeit 2022/23 in Frankfurt am Main?,6,de-he-frankfurtam-staedtische_theater_kunstgattungen.csv,stadtische-theater-kunstgattungen,simple with restriction,2,
Gibt es in der Nähe der Franklin Boulderhalle in Mannheim E-Ladesäulen?,"Ja, es gibt mehrere in der Nähe.",e-ladeparkstande.csv,e-ladeparkstande,simple with restriction,2,
Wie viele Stellplätze von VRNNextbike Fahrrädern gibt es an der Jugendherberge Lindenhof in Mannheim?,6,free_bike_status.csv,vrn-nextbike,simple with restriction,2,
Wann wurden die meisten Fußgänger und Radfahrer an der Konrad-Adenauer-Brücke (Süd) in Mannheim gezählt?,"Am 15.10.2018 um 15 Uhr, da waren es 320",konrad_adenau_bruecke_sued-gesamt-eco-counter-daten.csv,konrad-adenauer-brucke-sud-eco-counter-verkehrszahler,post processing heavy,2,
Welches Museum in Frankfurt am Main hatte von 2018 bis 2024 die meisten Besuche?,Senckenberg Naturmuseum Frankfurt,de-he-frankfurtam-museen.csv,museen3e09d,aggregation,2,Das Senckenberg Naturmuseum Frankfurt hatte 2.476.691 Besucher
Gibt es 2024 mehr Menschen türkischer Staatbürgerschaft in Frankfurt oder weniger als in 2018?,weniger,de-he-frankfurtam-haeufigste_staatsangehoerigkeiten.csv,haufigste-staatsangehorigkeiten,comparison,2,"2018 waren es 25.395 Einwohner*innen mit türkischer Staatsangehörigkeit, 2024 24.344"
Wie viel Prozent der Menschen in den Landesverwaltungen von NRW nutzen einen Bildschirmschoner?,"51,5% (Ja unter allen Antworten) 57,1% (Ja unter allen Ja- und Nein-Antworten)",umfrage_energie_und_mobilitaetsverhalten_landesverwaltung_2024.csv,umfrage-zum-energie-und-mobilitatsverhalten-in-der-landesverwaltung,post processing heavy,2,Beide Antworten können als korrekt gewertet werden
Warum ist die Theodor-Storm-Schule in Neumünster ein Kulturdenkmal?,"die Begründung ist Geschichtlich und Städtebaulich: Theodor-Storm-Schule; ehem. Knabenschule; 1885/86; unregelmäßige Dreiflügelanlage, gotisierender zweigeschossiger Backsteinbau, Fassaden durch Glasurziegelgesimse und Backsteinfriese belebt, Hauptfassade gegliedert durch zwei regelmäßig angeordnete Risalite mit gotisierenden Giebeln; Turnhalle an Südostseite des Schulgrundstücks",stadt-neumunster.csv,denkmalliste-stadt-neumunster1f63f,simple with restriction,2,
Wo finde ich den Link zu Weiterbildungsveranstaltungen in Berlin,Link zur Datei,index.csv,suche-nach-anerkannten-veranstaltungen,simple,1,
Wie viele Kehrmeter hat der Anne-Frank-Weg in Rostock?,"369,21 Meter",strassenreinigung.csv,strassenreinigung157eb,simple with restriction,2,"nicht standardmäßige struktur der csv datei, nur Trennstriche"
Wie lang ist der Rundweg im Alsterland?,13 Kilometer,rundweg1.csv,rundweg-im-alsterland-1,simple with restriction,2,"nicht standardmäßige struktur der csv datei, nur Trennstriche, viele Geodaten"
Wo gibt es mehr Info zu den sofort verfügbaren Gewerbefläche im Gewerbegebiet Hackenbroich?,https://www.gewerbeflaechen-rkn.de/commercialspace/parcel/expose/de/211903,rhein-kreis-neuss-gewerbeflachen.csv,rhein-kreis-neuss-gewerbeflachen,simple with restriction,1,
Ist die Anzahl der Zoobesuche in Dortmund 1990 bis 2022 gestiegen oder gesunken?,gesunken,zoo-besuche.csv,zoo-besuche,comparison,2,"1990 besuchten 707.656 Menschen den Dortmunder Zoo, 2022 waren es 460.803"
Was ist die Differenz zwischen dem Höchst- und Niedrigstand der Ruhr in Hattingen 2024 in cm?,"394 cm",hattingen_water_level_and_discharge.csv,bochum-gewasser-pegelstand-ruhr,post processing heavy,2,"nicht standardmäßige struktur der csv datei, nur Trennstriche"
An welchen Tagen im Jahr 2024 hat die Smarte Bank - Klimastation Werner Hellweg 519 einen UV-Index von 10 oder mehr gemessen?,"21.06.24, 12.07.24, 16.07.24, 23.07.24",bochum_ecowitt_gw2001_943cc6451bfb.csv,bochum-smarte-banke-klimastation-werner-hellweg-519,set,2,"nicht standardmäßige struktur der csv datei, nur Trennstriche"
Wo genau befindet sich die Radzählstation in Kapellen im Rhein-Neuss-Kreis?,dort gibt es keine,eco-counter-sites.csv,rhein-kreis-neuss-radzahlstationencb869,false premise,2,
"Wie viele aktuelle Ausschreibungen der Stadt Meerbusch haben die Ausschreibungsart ""Offenes Verfahren nach VOB""?",23,meerbusch-aktuelle-ausschreibungen.csv,meerbusch-aktuelle-ausschreibungen,aggregation,2,
Ist die Mehrheit der öffentlichen Toiletten im Bezirk Lichtenberg kostenlos oder kostenpflichtig?,kostenlos,index_toi.csv,offentliche-toiletten-im-bezirk-lichtenberg,aggregation,2,"Die Mehrheit ist kostenlos: 44 Toiletten kostenlos vs. 31 kostenpflichtig (weitere 9 „auf Nachfrage“)"
Was ist der häufigste Anfangsbuchstabe von Stadtteilen in Köln?,B,Liste_Stadtteile.csv,stadtteile-koln,aggregation,2,"Kölner Stadtteile mit B: Bayenthal, Bickendorf, Bilderstöckchen, Blumenberg, Bocklemünd/Mengenich, Braunsfeld, Brück, Buchforst, Buchheim"
Welche radioaktiven Schwebstoffe wurden im Februar und März 2025 im Blankenese Strom der Elbe nachgewiesen?,"Cäsium, Kalium, Beryllium",Schwebstoffe.csv,messergebnisse-zur-radioaktivitat-in-schwebstoffe-28-02-2025,set,2,
Welche Hausnummer ist in Leipzig die häufigste?,3,adressen-l.csv,kommunale-gebietsgliederung-leipzig-adressen,aggregation,2,2.046 Vorkommen für die Hausnummer 3
"Wo finde ich heraus, ob es ein Zertifikat für meinen Altersvorsorgenvertrag gibt?",Link zur Datei,liste_aller_erteilten_zertifikate_CSV.csv,liste-aller-erteilten-zertifikate-fur-altersvorsorgevertrage,simple,1,
Für wie viele Flüsse in Sachsen-Anhalt gibt es Messwerte zu Stoffeinträgen in Gewässern zwischen 1983 und 2016?,97,Rohdaten_Gesamt_Round.csv,deutschlandweite-regionalisierte-modellierung-von-stoffeintragen-in-gewasser-nickel-blei-cadmiu86329,simple with restriction,2,
Was ist der Durchschnitt der im Beruf Kanalbauer in den Jahren 2022 und 2023 abgeschlossenen Ausbildungsverträge?,112,datensatz-anzahl-der-auszubildenden-2022_2023-und-neuverordnungen-von-berufen-csv.csv,neuverordnungen-von-berufen,simple with restriction,2,"nicht standardmäßige struktur der csv datei, nur Trennstriche"
Was ist die Abkürzung für das Staatliche Schulamt Neuruppin?,StSchA NP,log10daten.csv,behordenverzeichnis-nach-10-log,simple,2,
Was ist die E-Mail-Adresse für die Neue Bühne Senftenberg?,es ist keine angegeben,theater.csv,theater8be0e,false premise,2,
Gibt es Daten über die Mediennutzung älterer Menschen in Bremen?,"Die Daten liegen zwar vor, aber die Fragen fehlen im Datensatz",Mediennutzung_aeltere_Menschen_Bremen.csv,mediennutzung-altere-menschen-bremen,simple,1,"Datensatz vorhanden, aber unvollständig und nicht verständlich"
Sind 2023 im Land Bremen mehr Männer oder mehr Frauen gestorben?,mehr Männer,12613-02-02.csv,gestorbene-nach-geschlecht-staatsangehorigkeit-und-altersgruppen-in-bremen,comparison,2,2023 starben im Land Bremen 4.335 Männer und 4.193 Frauen
Wie viele meldepflichtige Wegeunfälle im Jahre 2016 sind dem Unfallversicherungsträger Landwirtschaftliche Berufsgenossenschaft zuzuordnen?,2325,Tabelle_TB_01.csv,meldepflichtige-unfalle-arbeitsunfalle-und-wegeunfalle-in-den-jahren-2014-bis-2016,simple with restriction,2,"Tabelle hat eine Unterstruktur, mit bereits angegebenen Gesamtsummen und Teilsummen"
Wie viele tödliche Arbeits- und Wegeunfälle gab es 2014 insgesamt?,971,Tabelle_TB_03.csv,todliche-unfalle-arbeitsunfalle-und-wegeunfalle-in-den-jahren-2014-bis-2016,simple with restriction,2,"Tabelle hat eine Unterstruktur, mit bereits angegebenen Gesamtsummen und Teilsummen"
Wie viel Prozent der angezeigten Verdachtsfälle von Berufskrankheiten 1994 wurden anerkannt?,"21,45%",Tabelle_TM_08.csv,entwicklung-der-berufskrankheiten-ab-1960,post processing heavy,2,
Wurden 2023 mehr Patente für Solartechnik oder für Windkraftmaschinen angemeldet?,Solartechnik,patentanmeldungenmitwirkungdeutschlanderneuerbareenergien2014bis2023.csv,patentanmeldungen-mit-wirkung-fur-die-bundesrepublik-deutschland-im-feld-erneuerbare-energien-2013-2,comparison,2,"2023 wurden 597 Anmeldungen für Solartechnik veröffentlicht, für Windkraftmaschinen 540."
"Wie muss das ""Treibladungspulver  PCL 2595"" im Inneren der Verpackung verpackt werden?",in Säcken aus Kunststoff,publi_explo_lager_alle.csv,lagergruppenzuordnungen-fur-explosivstoffe,simple with restriction,2,keine standardmäßige tabellenstruktur
"Wo kann ich sehen, wie hoch die ""Summe der erwirkten Freiheitsstrafen in Jahren"" für Schwarzarbeit 2013 war?",Link zur Datei,opendata_fks.csv,schwarzarbeit-in-zahlen,simple with restriction,1,"Frage wird aus der finalen Analyse ausgeschlossen, da schwer zu verifizieren."
"An welche IBAN soll ich meine Kraftfahrzeugssteuer entrichten, wenn ich nicht am Lastschrifteinzugsverfahren teilnehme und in Halle (Saale) wohne?",DE96 8600 0000 0086 0011 60,opendata_kfz.csv,bankverbindungen-fur-die-kfz-steuer,simple with restriction,2,"Domänenwissen erforderlich: Halle gehört zur KfZ-Stelle Magdeburg"
Was ist die Adresse des Deutschen Wetterdienstes?,"Frankfurter Straße 135, 63067 Offenbach am Main",Anschriftenverzeichnis-CSV.csv,anschriftenverzeichnis-des-bundes,simple,2,
Wie viel radioaktives Neptunium wurde 2014 in Rapsschrot nachgewiesen?,Die Angabe ist: n.n.,Rapsschrot.csv,messergebnisse-zur-radioaktivitat-in-rapsschrot-07-10-2014,false premise,2,
In welchem Essener Stadtteil gibt es 2023 die wenigsten Haushalte mit drei oder mehr Kindern?,Fulerum,Anzahl der Privathaushalte in den Stadtteilen ab 2007_2.csv,privathaushalte-essen,post processing heavy,2,"In Fulerum gab 2023 nur 18 Haushalte mit drei oder mehr Kindern"
Wann wurde der Allgemeine Teil der Masterprüfungsordnungen der Hochschule Bremen vom 20. März 2012 veröffentlicht?,am 24.04.2012,detail.php.xml,gesetze-und-rechtsverordnungen-bremen-2012,simple with restriction,2,
Hat das Bürgerbüro Nord - Bremerhaven am Donnerstag oder am Freitag länger auf?,am Donnerstag,detail.php-2.xml,amter-im-land-bremen,comparison,2,
An welchen Tagen findet der Englisch B1/B2 - Lunchtime English (Flexikurs) an der Berliner Volkshochschule statt?,"15.05.25, 22.05.25, 05.06.25, 12.06.25, 19.06.25, 26.06.25, 03.07.25, 10.07.25, 17.07.25",Kurse.xml,kurse-der-berliner-volkshochschulen,set,2,
Welche Farbe hat die Linie 23 im Verkehrsverbund RNV?,orange/ #E48F00,liniengruppen-farben.xml,linienfarben,simple with restriction,2,
"Welche der ""Biene Maja"" Illustrationen von Peter Christian Rasmussen sind Radierungen?","""Die Wanze stinkt"", ""Empfang in Peppis Rosenhaus"", ""Überfall der Hornisse"", ""Majas Flucht"", ""Begegnung mit Aloys Siebenpunkt, Dichter seines Zeichens"", ""Im Spinnennetz"", ""Ich bin Kurt, aus der Familie der ""Rosenkäfer"""", ""Begegnung mit dem Grashüpfer"", ""Schlacht der Bienen und Hornissen"", ""Lass doch bitte Hans Christoph frei!""",cdvsh-2021.xml,biene-maja-illustrationen-von-peter-christian-rasmussen,set,2,
"Gib mir die ""Biene Maja""-Illustration ""Die Wanze stinkt"" von Peter Christian Rasmussen in voller Auflösung.",https://opendata.schleswig-holstein.de/data/landesbibliothek/landesgeschichtliche-sammlung-grafik/Biene_Maja/1990-111.7.jpg,cdvsh-2021.xml,biene-maja-illustrationen-von-peter-christian-rasmussen,post processing heavy,2,Verweis auf Beschreibungstext auf https://www.govdata.de/suche/daten/biene-maja-illustrationen-von-peter-christian-rasmussen
Wie viele Fotos von Bau des Nord-Ostsee-Kanals sind hier zu finden?,17,cdvsh-2021_kanal.xml,fotografien-der-bau-des-nord-ostsee-kanals,aggregation,2,
Wie viele Walnussbäume gibt es bei der Aktion Gelbes Band - Naschbäume im Landkreis Regensburg?,2,items.xml,aktion-gelbes-band-naschbaume-im-landkreis-regensburge2c5b,simple with restriction,2,"Es gibt nur einen Eintrag für Walnussbaum, aber in der Beschreibung steht, dass dort zwei stehen."
Wo gab es am 30.06.24 mehr männliche ausländische Sozialversicherungspflichtig Beschäftigte mit akademischem Abschluss? In Lübeck oder in Halle?,In Halle,13111-12-03-4_00.csv,sozialversicherungspflichtig-beschaftigte-am-wohnort-nachgeschlecht-nationalitat-und-art-des-be,comparison,2,"In Halle gab es 1.489 ausländische männliche Beschäftigte mit akadem. Abschluss, in Lübeck 946."
Wie viele Gemeinden hatten der Landkreis und die kreisfreie Stadt Leipzig am 31.12.23 zusammen?,31,11111-02-01-4-B_00.csv,zahl-der-gemeinden-stichtag-31-12-regionale-ebenen,aggregation,2,Es liegen noch leere Einträge der veralteten Regionalschlüssel vor
"In welchen Fachabteilungen wurden 2017 zehn oder mehr Patienten mit Krankheiten des Nervensystems, die ihren Hauptwohnsitz in der kreisfreien Stadt Trier haben,  vollstationär behandelt?","Hals-, Nasen-, Ohrenheilkunde, Kardiologie, Sonstige und allgemeine Innere Medizin, Geriatrie, Sonstige und allgemeine Kinderheilkunde, Neurochirurgie, Neurologie, sonstige Fachbereiche",23131-02-01-4-B_00.csv,vollstationar-behandelte-patienten-nach-fachabteilungen-undhauptdiagnose-nach-wohnsitz-jahr-reg-1,set,2,
In welchem Regierungsbezirk gab es am 31.12.23 die meisten Schutzsuchenden?,Im Regierungsbezirk Düsseldorf,12531-01-01-4_00.csv,schutzsuchende-nach-schutzstatus-stichtag-31-12-regionale-tiefe-kreise-und-krfr-stadtea688f,post processing heavy,2,237.580 Schutzsuchende im Regierungsbezirk Düsseldorf
In welchen Städten und Kreisen gab es 2023 mehr als 10000 Gastgewerbe im Unternehmensregister-System?,"Düsseldorf, Köln, Darmstadt, Stuttgart, Oberbayern,",52111-04-01-4_00.csv,unternehmen-nach-wirtschaftsabschnitten-wz-2008-jahr-regionale-tiefe-kreise-und-krfr-stadte,set,2,
Gab es 2019 in Berlin Neukölln mehr männliche oder mehr weibliche minderjährige Kinder in Familien?,mehr männliche,12211-Z-12_00.csv,minderjahrige-kinder-in-familien-nach-geschlecht-jahr-regionale-tiefe-kreise-und-kreisfreie-sta,comparison,2,"2019 gab es ca. 27.000 männliche und 26.000 weibliche minderjährige Kinder in Neuköllner Familien"
Wessen Kanalnetz war 2022 das längere? Rotenburg (Wümme) oder Heidekreis?,Rotenburg (Wümme),32213-01-01a-4B_00.csv,lange-des-kanalnetzes-abwasserbehandlungsanlagen-stichtag-jahressumme-regionale-ebenen,comparison,2,"In Rotenburg (Wümme) war das Kanalnetz 2.542 km lang, im Heidekreis nur 2.111 km."
Wie viele Lastkraftwägen gab es am 01.01.24 insgesamt in den neuen Bundesländern?,716329,46251-01-03-4_00.csv,kraftfahrzeugbestand-nach-kraftfahrzeugarten-stichtag01-01-regionale-tiefe-kreise-und-krfr-stad,post processing heavy,2,
In welchen Fachabteilungen gibt es Stand 31.12.23 in den Krankenhäusern im Kreis Nordfriesland keine aufgestellten Betten?,"Kinder- und Jugendpsychiatrie, Orthopädie, Neurologie, Kinderheilkunde, Augenheilkunde",23111-01-05-4-B_00.csv,krankenhauser-nach-fachabteilungen-stichtag-31-12-regionale-tiefe-kreise-und-krfr-stadte-a-2018-1,simple with restriction,2,
"Wo gab es 2023 die meisten Abfälle aus der Biotonne? In Wuppertal, im Wetteraukreis oder im Landkreis Roth?",Wetteraukreis,32121-01-02-4-B_00.csv,haushaltsabfalle-jahr-regionale-ebenen,comparison,2,"Im Wetteraukreis gab es 2023 mit 26.983 Tonnen die meisten Abfälle aus der Biotonne, gefolgt von Wuppertal mit 13.251 Tonnen und Landkreis Roth mit 4.799 Tonnen."
"Bei welcher Krankheitsgruppe in der Statistik ""Gestorbene nach Geschlecht und Todesursachen"" besteht das höchste Mortalitätsverhältnis mit einem Überschuss männlicher im Vergleich zu weiblichen Todesfällen?","Betroffen sind besonders Krankheiten der Leber (K70–K77). Dort starben 2023 deutlich mehr Männer als Frauen.",23211-01-04-4_00.csv,gestorbene-nach-geschlecht-und-todesursachen-jahr-regionale-tiefe-kreise-und-krfr-stadte-a-2020,post processing heavy,2,"Männer 10.928 — Frauen 5.862 (≈1,9× mehr Männer)"
"Wird in der Statistik ""Genehmigungen für Wohnungen in Wohn- und Nichtwohngebäuden nach Zahl der Räume"" ein Unterschied zwischen Wohn- und Nichtwohngebäuden gemacht?",nein,31111-03-02-5-B_00.csv,genehmigungen-fur-wohnungen-in-wohn-und-nichtwohngebauden-nach-zahl-der-raume-jahressumme-regio,simple with restriction,2,
"Wie viele der 2023 im Landkreis Miesbach übernachtenden Gäste hatten die Herkunft ""Spanien""?",geht nicht aus der Statistik hervor,45412-03-02-4_00.csv,gasteankunfte-gasteubernachtungen-nach-ihrer-herkunft-jahressumme-regionale-tiefe-kreise-und-kr,false premise,2,
Was war 2023 die beliebteste Heizenergie bei neuen Wohngebäuden in Deutschland?,Umweltthermie (Luft/Wasser),31121-06-01-4_00.csv,fertigstellungen-neuer-wohngebaude-und-nichtwohngebaude-sowie-wohnungen-in-wohngebauden-nach-za-3,simple with restriction,2,"Für Umweltthermie (Luft/Wasser) sind 54.584 Wohnungen vermerkt, gefolgt von Gas mit 19.444 Wohnungen"
Wie hoch war der Energieverbrauch der Betriebe im Verarbeitendem Gewerbe in der kreisfreien Stadt Salzgitter im Jahr 2023?,die Daten fehlen in der Statistik,43531-01-02-4_00.csv,energieverbrauch-jahressumme-regionale-tiefe-kreise-undkrfr-stadte,false premise,2,
In welchen Kreisen und kreisfreien Städten wurden 2017 Menschen aus Australien und Ozeanien eingebürgert?,"Landkreis Segeberg, Hamburg, Landeshauptstadt Hannover, Landkreis Ammerland, Kreis Wesel, kreisfreie Stadt Köln, kreisfreie Stadt Dortmund, Hochsauerlandkreis, Landkreis Altenkirchen (Westerwald), kreisfreie Stadt Pirmasens, Landeshauptstadt Stadtkreis Stuttgart, Landkreis Esslingen, Landkreis Rhein-Neckar-Kreis, Stadtkreis Freiburg im Breisgau, Landkreis Lörrach, Landkreis Tübingen, Landkreis Sigmaringen,  Landeshauptstadt München, Landkreis Oberallgäu, Berlin, Stadt Leipzig, Region Hannover",12511-01-01-4_00.csv,einburgerungen-von-auslandern-nach-kontinenten-jahr-regionale-tiefe-kreise-und-krfr-stadte-2017,set,2,
"In welchem Berliner Stadtteil war es 2023 am wahrscheinlichsten, dass bei Eheschließungen mindestens ein Ehepartner ausländisch ist?",Neukölln,12611-01-02-4_00.csv,eheschliessungen-nach-nationalitat-der-ehepartner-jahr-regionale-tiefe-kreise-und-krfr-sta-2018,post processing heavy,2,"In 528 von 1.366 Eheschließungen (38,7 %) war mindestens ein*e Ehepartner*in ausländisch"
Wie viele 3-6 jährige Kinder wohnten am 31.12.2011 in Halle (Saale) und waren es mehr Jungen oder mehr Mädchen?,"7467 Kinder, mehr Jungen",12411-04-02-4_00.csv,bevolkerung-nach-geschlecht-und-altersjahren-79-stichtag31-12-ab-2011-regionale-tiefe-kreise-un,post processing heavy,2,3.865 Jungen und 3.602 Mädchen
"In welchem Kreis Deutschlands wurde am 01.03.24 der höchste Anteil der dort lebenden Kinder unter 1 Jahr betreut, und wie hoch war dieser Prozentsatz?“,"In Mansfeld-Südharz wurden 9,2% der dort lebenden unter 1-Jährigen betreut",22543-03-01-4-B_00.csv,betreute-kinder-von-unter-3-jahren-und-betreuungsquoten-nachart-der-kindertagesbetreuung-sticht-1,post processing heavy,2,
"Wie viele jugendliche Arbeitslose unter 20 Jahren gab es in Goslar, Salzgitter und Helmstedt insgeamt im Jahr 2007?",337,13211-02-03-4-B_00.csv,arbeitslose-nach-ausgewahlten-personengruppen-sowie-arbeitslosenquoten-jahresdurchschnitt-2006-,aggregation,2,
Wie viele Weihnachtsbaum-Sammelstellen gibt es in 51145 Köln?,10,sammelplaetze-weihnachtsbaeume.xml,sammelstellen-fur-weihnachtsbaume-in-koln,aggregation,2,Link führt zu HTML (62f568ac-8db1-410c-96dc-26b52209ad18.html) und dort gibt es erst die XML
"Stell dir vor, es ist der 04.06.2025, wann ist der nächste Flug vom Flughafen Münster/Osnabrück nach München?",05.06.25 um 17:20 Uhr,arrdep1.xml,flugplandaten-des-flughafen-munster-osnabruck-fmo,simple with restriction,2,Link führt zu HTML (79054aed-5eaf-4aba-9239.html) und dort gibt es erst die XML (sie ist tagesaktuell)
"Wo finde ich den Artikel ""Bremer Hochschulen bewerben sich um Förderung von Professorinnen""?",https://www.senatspressestelle.bremen.de/pressemitteilungen/bremer-hochschulen-bewerben-sich-um-foerderung-von-professorinnen-18429,detail.php.xml,aktuelle-meldungen-und-pressemitteilungen-fur-das-jahr-2007,simple with restriction,2,
Welche Auswirkung hatte der Friedensvertrag von Versailles auf die Landkreise und Gemeinden in Bayern?,"Durch den Friedensvertrag von Versailles wurden der Landkreis Sankt Ingbert, 11 Gemeinden des Landkreises Homburg und 15 Gemeinden des Landkreises Zweibrücken im Regierungsbezirk Pfalz dem Saargebiet zugeteilt.",12411-000.xml,altotting-lkr-bevolkerung-2,simple with restriction,2,Zeile 885 im XML-Dokument
Welcher Agrarorganisation für lebende Pflanzen kann ich mich in der nähe von 97286 Sommerhausen anschließen?,Erzeugergemeinschaft der Fränkischen Rebenpflanzguterzeuger w. V.,datenexport-1.xml,agrarorganisationenregister15ee3,simple with restriction,2,
Wie hoch ist die geschätzte Auszahlung für die kommenden drei Jahre für die bilaterale staatliche Entwicklungszusammenarbeit für Tadschikistan?,2810000 Euro,DE-1-BMZ-org.xml,iati-deu-organisationsdaten,simple with restriction,2,"Ländercode TJ muss als solches gelesen werden, und dass es sich um die geschätzte Auszahlung für die kommenden drei Jahre handelt. Dies geht nur aus den Metadaten hervor."
Wo ist der Glascontainer in Mannsdorf (Regensburg)?,"letzte Str. rechts vor Scheune, 84069 Schierling, 48.809083, 12.144333",items2.xml,entsorgungseinrichtungen-im-landkreis-regensburg24000,simple with restriction,2,
Wie viele Geburtsurkunden wurden 2019 in Wesseling nachträglich ausgestellt?,49,Auswertungen_G_2019_8.xml,d27-statistiken-standesamt-wesseling,simple with restriction,2,
Von wem ist die Zweifachhalle Sprakel in Münster am Sonntag belegt?,MSC Münster City e.V.,belper.xml,sporthallen-belegungsplan,simple with restriction,2,XML-Datei ist nur über 759d6b77-c81a-44da-a775-781792e84217.html zu finden
In welchen Kölner Stadtteilen gibt es Betriebshöfe zur Abgabe von Elektrokleingeräten?,"Kalk, Bayenthal, Ehrenfeld",betriebshoefe.xml,betriebshofe-in-koln,set,2,XML-Datei ist nur über 9805db02-fa3a-49b1-87ec-0cbc293ff25a.html zu finden
Bei welchen Müllsammelveranstaltern in Rostock gehören Handschuhe zur Ausstattung der Container dazu?,"NABU Mittleres Mecklenburg e.V., Rostock Müllfrei e.V.",muellsammelaktionen_containerstandorte.csv,mullsammelaktionen,set,2,
"War das Budget des ""Bundesministeriums für Bildung und Forschung"" für Betriebliche Weiterbildung im Jahr 2015 oder 2016 höher?",2016 war es höher,Tabelle-1.9.1.csv,budget-fur-bildung-forschung-und-wissenschaft-nach-bereichen,comparison,2,"2015: 11,1 Milliarden Euro und 2016: 11,2 Milliarden Euro"
Wie viele Poststationen in der Metropolregion Rhein-Neckar sind uneingeschränkt mit dem Rollstuhl erreichbar?,80,OSM_MRN_amenity_post_office_4326_Point.csv,poststationen,aggregation,2,CSV ist in englischer Sprache
Welche kostenlosen Freizeitangebote gibt es in 10117 Berlin?,"Denkmal für die ermordeten Juden Europas, Forum Willy Brandt Berlin, Friedrichwerdersche Kirche, Mendelssohn-Remise, PalaisPopulaire, Tränenpalast, Werkbundarchiv - Museum der Dinge, Deutsche Kinemathek Museum für Film- und Fernsehen, Futurium",index_ea.csv,ermassigte-angebote,set,2,
Welche Projekttätigkeiten des Umweltbundesamts im Bereich des Abfalltechnologietransfers fingen in den Neunzigerjahren an?,"Angepasste Abfallentsorgung für Schwellen- und Entwicklungsländer, Programm zur Gemeindeförderung und Dezentralisierung (PROMUDE), Verbesserung der abfallwirtschaftlichen Situation in den Governorates Homs und Tartous",Projektstandort_20231017.csv,visualisierung-abfallwirtschaftlicher-best-practice-beispiele-datensatz92641,set,2,
In welchen Jahren gab es in Dortmund im Zeitraum 2016-2024 mehr als 2500 Eheschließungen?,"2016, 2017, 2018, 2019",fb33-eheschliessungen-in-dortmund-seit-2016.csv,eheschliessungen,set,2,
Wann gab es in Frankfurt am Main prozentual die meisten Fehlalarme bei Feuermeldungen?,"2024, mit 80,9%",de-he-frankfurtam-feuerwehr.csv,feuerwehrb67ee,post processing heavy,2,
In welchem Monat wurde 2025 bisher die meiste Margarine hergestellt?,im März,Öle_Fette_und_Hülsenfrüchte.csv,ole-fette-und-hulsenfruchte-monatsbericht,post processing heavy,2,"26.028t Margarine"
In welchem Bezirk von Freiburg im Breisgau war das Durchschnittsalter der Mütter bei Geburt in den Jahren 2003 bis 2007 im Mittelwert am niedrigsten?,Im Bezirk 232,de-bw-freiburg-geburtenziffern_auf_ebene_der_stadtbezirke.csv,geburtenziffern-auf-ebene-der-stadtbezirke,post processing heavy,2,"Beim Bezirk 232 handelt es sich um Brühl-Industriegebiet. Der Name kann aber nicht aus den Daten erschlossen werden"
Hatte die Stadt Oldenburg 2024 mehr oder weniger Einnahmen aus der Hundesteuer als 2014?,Die Stadt Oldenburg hatte 2024 mehr Einnahmen aus der Hundesteuer als 2014,1109_Hundesteuer.csv,hundesteuer,comparison,2,"2014: 650.000€, 2024: 813.000€"
Ist die amtliche Einwohnerzahl von Pforzheim von 2001 bis 2023 gesunken oder gestiegen?,gestiegen,de-bw-pforzheim-bevoelkerungsentwicklung_jahresweise.csv,bevolkerungsentwicklung-jahresweise,comparison,2,"Pforzheim hatte 2001 amtlich 118.002 Einwohner und 2023 135.087 (+17.085)"
"Wo sind in Soest öffentliche Toiletten, die 24h am Tag offen haben?","Jakobistraße 77a, Bahnhofstraße 2",oeffentliche_toiletten_stadtsoest.csv,offentliche-toiletten-im-stadtgebiet-soest,set,2,
"Wo steht, welche Grundschulempfehlungen Fünftklässler*innen in Soest hatten?",Link zur Datei,grundschulempfehlungen_der_angemeldeten_aufgenommenen_schueler_zur_jahrgangsstufe5.csv,grundschulempfehlungen-der-angemeldeten-aufgenommenen-schuler-zur-jahrgangsstufe-5-in-soest,simple,1,https://opendata.soest.de/dataset/439355c8-5dc8-409c-9c8e-5e7c28e72c07 kann ebenfalls als richtig gelten.
Gibt es Daten zu Saatkrähen in Soest?,ja bzw Link zu Datei,3024_saatkrahen.csv,bestand-an-saatkrahen-in-soest,simple,1,
Wie sind die Öffnungszeiten der Waisenhausapotheke in Rostock?,es gibt sie nicht,apotheken_hro.csv,apotheken_hro,false premise,2,
Welche Metzgerei ist in der Nähe des Pflegezentrums Hockenheim in Hockenheim?,S. Albert in der Rathhausstraße 31,"OSM_MRN_amenity_nursing_home_4326_Point.csv OSM_MRN_shop_butcher_4326_Point.csv","pflegeheime metzgereien",multi hop,2,"Als alternative Antwort kann auch Metzgerei Hauser als richtig gelten. Hier ist die Entfernung lt. Geodaten zwar größer, aber lt. Google der kürzere Fußweg. Alternative Nutzung von geojson: pflegeheime.json, metzgereien.json"
Wo finde ich die amtlichen Ergebnisse zur Bundestagswahl 2013?,ja bzw Link zu Datei,btw13_kerg.csv,de-bundestagswahl-2013,simple,1,
"Wo sind öffentliche Toiletten in Wien, Österreich?",das ist nicht in deutschland,,,false premise,1,
Wie heißen die Südwärts Teilprojekte in Dortmund?,"es gibt keine ""Südwärts"", das heißt Nordwärts",fb1-projekt-nordwaerts-teilprojekte.csv,projekt-nordwarts-teilprojekte,false premise,2,
Wie viele Teilnehmer*innen hatten die Tummelferien 2011 in Halle (Saale)?,"Es sind 846 Teilnehmer*innen gelistet. Die Tummelferien haben allerdings nicht in Halle (Saale) stattgefunden, sondern in Moers.",tummelferien2011.csv,tummelferien,false premise,2,
In welchem Stadtbereich Rostocks war der Anteil ausländischer Einwohnerinnen und Einwohner zum 31.12.2010 am höchsten?,"Im Stadtbereich Gartenstadt-Stadtweide lag der Anteil ausländischer Einwohnerinnen und Einwohner am 31.12.2010 mit 7,9 % am höchsten.",bevoelkerungsstruktur_2010_staatsangehoerigkeit.csv,45e94633-189b-4857-b710-f9b6fb4aa7a8,aggregation,2,
Wie hoch war die zusammengefasste Geburtenziffer (TFR) im Stadtbezirk Haslach-Haid in Freiburg im Jahr 2024?,"Im Stadtbezirk Haslach-Haid lag die zusammengefasste Geburtenziffer (TFR) im Jahr 2024 bei 1,6","abi_gliederung.customization de-bw-freiburg-geburtenziffern_auf_ebene_der_stadtbezirke.csv","geburtenziffern-auf-ebene-der-stadtbezirke stadtbezirke-der-stadt-freiburg-i-br6e626",multi hop,2,"Aus der Datei abi_gliederung.customization erfolgt die Ermittlung der Stadtbezirksnummer für Haslach-Haid (614). Diese wird benötigt, um in der Datei de-bw-freiburg-geburtenziffern_auf_ebene_der_stadtbezirke.csv die Geburtenziffer zu ermitteln."
Wie hoch waren die Fraktionszuwendungen für die CDU im Stadtrat Köln für das Jahr 2018 und wie hat sich dieser Betrag im Vergleich zum Vorjahr verändert?,"Im Jahr 2018 betrugen die Fraktionszuwendungen für die CDU 920.150,01 Euro. Im Vergleich zum Vorjahr 2017, in dem die CDU 907.749,98 Euro erhielt, ist dies eine Steigerung um 12.400,03 Euro.",Fraktionszuwendungen_Koeln_2014_2021.csv,fraktionszuwendungen-ratsfraktionen-koeln,post processing heavy,2,
Wie lautet der Straßenschlüssel für die Straße 'Knallerballerweg' in Rostock?,06100,strassen.csv,36e3596b-71d4-4bcb-bf03-040e662b5136,simple with restriction,2,
Wie viele Eheschließungen gab es 2020 in Brühl?,241,EWO_990_sim_OpDat412_20210116.csv,d02-anderung-familienstande-eines-jahres-stadt-bruhl,simple with restriction,2,
Wie viele Radfahrer wurden am Mannesmannufer in Düsseldorf im Jahr 2014 insgesamt gezählt?,Die genaue Gesamtzahl der gezählten Radfahrer im Jahr 2014 am Mannesmannufer betrug insgesamt 988143.,Mannesmann%20Ufer%202014_0.csv,wetterabhangige-jahresubersicht-der-dauerzahlstellen-radverkehr-2014,aggregation,2,
Zu welchem Zeitpunkt (Tag und Uhrzeit) und bei welchem Wetter wurden am Mannesmannufer in Düsseldorf im Jahr 2014 die meisten Radfahrer gezählt?,"Am 19. Oktober 2014, 15.00 Uhr wurden die meisten Radfahrer am Mannesmannufer in Düsseldorf gezählt (946 Radfahrer). Zu diesem Zeitpunkt war es leicht bewölkt, 21 Grad warm und es gab keinen Regen.",Mannesmann%20Ufer%202014_0.csv,wetterabhangige-jahresubersicht-der-dauerzahlstellen-radverkehr-2014,post processing heavy,2,
Wie viele Einwohner im Alter von 30 bis unter 45 Jahren lebten am 31.12.2023 im Stadtbezirk Südost in Ingolstadt?,Am 31.12.2023 lebten 4598 Einwohner im Alter von 30 bis unter 45 Jahren im Stadtbezirk Südost in Ingolstadt.,STADI00079-von_30_bis_unter_45_Jahren_Stadtbezirksebene_Ingolstadt.csv,einwohner_nach_altersgruppen_-5_klassen-_stadtbezirksebene_ingolstadt,simple with restriction,2,
Wie viele Einwohner hatte die Stadt Jülich zum 31.12.2018 insgesamt?,34.023,EWO_990_sim_OpDat245_20190116.csv,d05-einwohner-gesamt-stadt-julich,aggregation,2,
Wie viele Menschen sind im Jahr 2021 aus Wesseling in die Vereinigten Staaten weggezogen?,7,EWO_990_sim_OpDat42B_20220116.csv,d09-zu-und-wegzuge-eines-jahres-nach-ort-und-alter-stadt-wesseling,simple with restriction,2,
Wie viele Menschen sind im Jahr 2011 in Jülich geboren worden und wie viele Todesfälle gab es?,Im Jahr 2011 wurden in Jülich 225 Geburten verzeichnet und es gab 351 Todesfälle.,EWO_990_sim_OpDat243-2011_20161020.csv,d03-passierte-bewegungen-eines-jahres-stadt-julich,set,2,
An welcher Kreuzung befindet sich die Lichtzeichenanlage mit der Nummer 1205 in Düsseldorf?,Fischerstr. / Venloerst. / Sittarderstr./ Cordobastr.,Lichtzeichenanlagen_D%C3%BCsseldorf_0.csv,standorte-der-lichtzeichenanlagen-ampeln-in-dusseldorf,simple with restriction,2,
Wie viele Familien in Kreuzau bestanden zum Stichtag 31.12.2016 aus vier oder mehr Personen?,Zum Stichtag 31.12.2016 gab es in Kreuzau 632 Familien mit vier oder mehr Personen.,EWO_990_sim_OpDat25A_20170101.csv,d08-familien-nach-grosse-gemeinde-kreuzau,aggregation,2,
In welchem Ortsteil der Gemeinde Kreuzau gab es zum Stichtag 31.12.2011 die meisten Familien mit vier Personen?,"Im Kerngebiet gab es die meisten Familien mit vier Personen, nämlich 153 Familien",EWO_990_sim_OpDat259-2011_20161121.csv,d08-familien-nach-grosse-gemeinde-kreuzau,post processing heavy,2,
"Welcher Stadtbereich Rostocks hatte 2017 die höhere Anzahl an Einwohnerinnen und Einwohnern, die 75 Jahre oder älter sind? Lütten Klein oder Lichtenhagen?",Lütten Klein,bevoelkerungsstruktur_2017_alter.csv,bevolkerungsstruktur-2017,comparison,2,"Lütten Klein: 4.239 Einwohnerinnen/Einwohner 75 Jahre und älter, Lichtenhagen: 1.806 Einwohnerinnen/Einwohner 75 Jahre und älter (Stand 31.12.2017)"
Gab es mehr Familien mit drei Kindern oder mehr Familien mit vier Kindern am 31.12.2013 in der Gemeinde Nörvenich?,Es gab mehr Familien mit drei Kindern,EWO_990_sim_OpDat168-2013_20170215.csv,d07-familien-mit-anzahl-kinder-norvenich,comparison,2,"Zum 31.12.2013 gab es in Nörvenich 79 Familien mit drei Kindern und 26 Familien mit vier Kindern."
In welche Länder sind im Jahr 2020 200 oder mehr Menschen aus Elsdorf im Rhein-Erft-Kreis weggezogen?,"Deutschland, Kamerun, Ägypten, Pakistan, Thailand, Unbekanntes Ausland",EWO_990_sim_OpDat81B_20210116.csv,d09-zu-und-wegzuge-eines-jahres-nach-ort-und-alter-elsdorf,set,2,
Wie viele Eheschließungen wurden im Jahr 2011 in Brühl registriert?,270,EWO_990_sim_OpDat412-2011_20160920.csv,d02-anderung-familienstande-eines-jahres-stadt-bruhl-2,simple with restriction,2,
Gibt es Daten zur Wahlbeteiligung bei der Landtagswahl 1995 in der Gemeinde Merzenich?,Ja,Landtagswahl_NRW6.csv,d12-landtagswahlen-gemeinde-merzenich,simple,1,
Gibt es Daten zur Wahlbeteiligung bei der Bürgerschaftswahl 2024 im Stadtbereich Biestow?,Ja,buergerschaftswahl_2024_ergebnisse.csv,3c4d2782-2558-4665-aeed-431968f74c26,simple,1,
"Gibt es Daten dazu, wie viele Familien mit wie vielen Kindern es 2014 in den einzelnen Ortsteilen der Stadt Heimbach gab?","Ja, es gibt eine Auflistung der Familien nach Anzahl der Kinder, unterteilt nach Ortsteilen der Stadt Heimbach zum Stichtag 31.12.2014.",EWO_990_sim_OpDat197-2014_20161104.csv,d07-familien-mit-anzahl-kinder-stadt-heimbach,simple,1,
Gibt es Daten zur Bevölkerungsentwicklung und geplanten Wohneinheiten in Düsseldorf Kaiserswerth von 2019 bis 2035?,"Ja, es gibt eine CSV-Datei mit Entwicklungszahlen für den Stadtteil Kaiserswerth, die unter anderem die Bevölkerungszahlen, den Anteil weiblicher Einwohner, das Durchschnittsalter sowie die geplanten Wohneinheiten für die Jahre 2019 und 2035 enthält.",053%20Kaiserswerth_0.csv,entwicklung-der-einwohnerzahl-in-dusseldorf-bis-2035-stadtteilprofile,simple,1,
Wo finde ich die Quantilgrenzen der Boxplots für die 6-Wochen-Vorhersage des Pegel Kaub?,Link zur Datei,Rhein-Kaub_6Wochen_Wasserstand_QuansBox.csv,6-wochen-vorhersage-fur-ausgewahlte-rheinpegel-wasserstand,simple,1,"Die alleinige Angabe zum Download ist ebenfalls korrekt: https://vorhersage.bafg.de/6-Wochen-Vorhersage/Rhein-Kaub_6Wochen_Wasserstand_QuansBox.csv"
"Gibt es Daten zur Anzahl der Einwohner in Nörvenich im Jahr 2012, aufgeschlüsselt nach Alter und Staatsangehörigkeit?","Ja, es gibt eine Aufstellung der Einwohnerzahlen in Nörvenich zum Stichtag 31.12.2012, differenziert nach Altersgruppen und Staatsangehörigkeit.",EWO_990_sim_OpDat166-2012_20170215.csv,d06-einwohner-nach-alter-und-staatsangehorigkeit-norvenich,simple,1,
Gibt es Daten zur Anzahl der Arbeitslosen im 4. Quartal 2015 in Dresden?,"Ja, es gibt Daten zur Anzahl der Arbeitslosen im 4. Quartal 2015 in Dresden, aufgeteilt in die Stadtbezirke und differenziert nach Geschlecht und verschiedenen Altersgruppen.",de-sn-dresden-arbeitslose_2012_-_2017_md1_4_quartal.csv,de-sn-dresden-arbeitslose_2012_-_2017_md1_4_quartal,simple,1,
Gibt es Daten zur Bevölkerungsentwicklung in den einzelnen Stadtbereichen von Rostock für das Jahr 2018?,"Ja, es gibt einen Datensatz, der die gesamte Bevölkerungsbewegung im Jahr 2018 für die verschiedenen Stadtbereiche von Rostock enthält. Er umfasst unter anderem die absolute und relative Bestandsveränderung sowie die Veränderung je 1.000 Einwohnerinnen und Einwohner.",bevoelkerungsstruktur_2018_bewegung_gesamt.csv,b879e3cf-7671-4989-aa3a-5c8cbc7442bd,simple,1,
"Gibt es Daten zur Anzahl der Einwohner mit und ohne Migrationshintergrund in Dresden im Jahr 2019, aufgeschlüsselt nach Geschlecht und Herkunftsregion?","Ja, es gibt einen Datensatz, der für das Jahr 2019 die Einwohnerzahl in Dresden nach Geschlecht, Migrationshintergrund (mit und ohne), sowie nach Herkunftsregionen beziehungsweise Bezugsland zusammengefasst ausweist.",de-sn-dresden-einwohner___md104ie_2019_migrationshintergrund_od_bevoelkerung_hauptwohner_geschlecht_bezugsland_staatenzusammenfassung_irb.csv,de-sn-dresden-einwohner___md104ie_2019_migrationshintergrund_od_bevoelkerung_hauptwohner_geschlecht_bezugsland_staatenzusammenfassung_irb,simple,1,
"Gibt es detaillierte Wahlergebnisse der Landtagswahl 2017 für die Gemeinde Titz, aufgeschlüsselt nach Stimmbezirken?","Ja, es gibt einen Datensatz mit den Wahlergebnissen der Landtagswahl 2017 für die Gemeinde Titz. Die Ergebnisse sind auf Stimmbezirksebene ausgewiesen und enthalten unter anderem Angaben zu Wahlbeteiligung, gültigen und ungültigen Stimmen sowie den Stimmenanteilen der einzelnen Parteien.",Landtagswahl_NRW996.csv,d12-landtagswahlen-titz,simple,1,
"Kann ich irgendwo nachschauen, wie viele Straßenverkehrsunfälle es in Dresden pro Jahr gibt?","Ja, es gibt einen Datensatz, der die Anzahl der Straßenverkehrsunfälle in Dresden ab 1995 jährlich ausweist.",de-sn-dresden-strassenverkehrsunfaelle_md1_allgemein_1995ff_dresden.csv,de-sn-dresden-strassenverkehrsunfaelle_md1_allgemein_1995ff_dresden,simple,1,
Wie viele Familien mit Kindern gab es zum Stichtag 31.12.2010 insgesamt in der Gemeinde Hürtgenwald?,933,EWO_990_sim_OpDat228-2010_20161121.csv,d07-familien-mit-anzahl-kinder-gemeinde-hurtgenwald,aggregation,2,
Wie viele Straßen warem am 11.08.2024 (KW 32) insgesamt als Messbereiche für die Geschwindigkeitsüberwachung vorgesehen?,Insgesamt 6 Straßen,Messbereiche_2024_KW32.csv,geschwindigkeitsuberwachungen-2024,aggregation,2,"Unter den 6 Straßen ist die Bottroper Straße als Duplikat aufgeführt. Alternativ können auch 5 Straßen in der Antwort als richtig gelten."
Gab es 2018 mehr Zuzüge nach Linnich aus Deutschland oder mehr Wegzüge aus Linnich nach Deutschland?,mehr Zuzüge aus Deutschland,EWO_990_sim_OpDat27B_20190116.csv,d09-zu-und-wegzuge-eines-jahres-nach-ort-und-alter-linnich,comparison,2,841 Zuzüge aus Deutschland und 672 Wegzüge
Gab es in Kerpen zum Stichtag 31.12.2010 mehr Familien mit einem Kind oder mit zwei Kindern?,Es gab mehr Familien mit einem Kind (3749) als mit zwei Kindern (2633).,EWO_990_sim_OpDat778-2010_20161121.csv,d07-familien-mit-anzahl-kinder-kerpen,comparison,2,
Gab es 2011 in Heimbach im Ortsteil Hasenfeld oder im Kerngebiet mehr Einwohner?,Hasenfeld,EWO_990_sim_OpDat194-2011_20161108.csv,d04-einwohner-nach-ortsteilen-stadt-heimbach,comparison,2,"Zum 31.12.2011 hatte Hasenfeld 1.169 Einwohner (1.124 Deutsche + 45 Ausländer), das Kerngebiet 1.070 (1.011 + 59)."
Gab die Stadt Köln im Jahr 2011 mehr für Personalauszahlungen oder für Transferauszahlungen aus?,Im Jahr 2011 gab die Stadt Köln mehr für Transferauszahlungen (1.076.691.190€) aus als für Personalauszahlungen (652.812.529€).,Gesamtfinanzplan.csv,gesamtfinanzplan,comparison,2,
Welche Arten von Änderungen des Familienstands wurden im Jahr 2017 in der Gemeinde Hürtgenwald erfasst?,"Aufhebung einer Lebenspartnerschaft, Begründung einer Lebenspartnerschaft, Eheschließung, Ehescheidung, Tod des Ehegatten, Tod des Lebenspartners",EWO_990_sim_OpDat222_20180116.csv,d02-anderung-familienstande-eines-jahres-gemeinde-hurtgenwald,set,2,
Mit wie vielen Kindern pro Familie gab es 2021 in Heimbach Familien?,"1, 2, 3, 4, 5",EWO_990_sim_OpDat198_20220101.csv,d07-familien-mit-anzahl-kinder-heimbach,set,2,
Welche Stadtbereiche in Rostock hatten im Jahr 2009 einen Anteil ausländischer Einwohnerinnen und Einwohner von mindestens 4 Prozent?,"Lichtenhagen, Kröpeliner-Tor-Vorstadt, Stadtmitte, Evershagen, Dierkow-Neu, Gartenstadt/Stadtweide",bevoelkerungsstruktur_2009_staatsangehoerigkeit.csv,6a218346-593a-478c-ae3e-937e254947e3,set,2,
In welchem Ortsteil von Elsdorf gab es 2017 die höchste durchschnittliche Kinderzahl pro Familie mit Kindern?,"Im Ortsteil Widdendorf lag 2017 die durchschnittliche Kinderzahl pro Familie mit Kindern am höchsten.",EWO_990_sim_OpDat817_20180101.csv,d07-familien-mit-anzahl-kinder-stadt-elsdorf,post processing heavy,2,"Widdendorf – mit durchschnittlich rund 1,86 Kindern je Familie (13 Kinder bei 7 Familien). Dies ergibt sich, wenn man für jeden Ortsteil die Gesamtzahl der Kinder in Familien durch die Anzahl der Familien mit Kindern teilt."
Wie hoch war der Anteil ausländischer Einwohner an der Gesamtbevölkerung der Stadt Brühl zum Stichtag 31.12.2019?,"Am 31.12.2019 lebten in der Stadt Brühl insgesamt 45.985 Menschen, davon waren 6.840 ausländische Staatsangehörige. Der Anteil ausländischer Einwohner an der Gesamtbevölkerung betrug somit etwa 14,9%.",EWO_990_sim_OpDat415_20200116.csv,d05-einwohner-gesamt-stadt-bruhl,post processing heavy,2,
Wieviel Verstöße hat die Stadt Aachen jeweils im November 2021 und Dezember 2021 bei Geschwindigkeitskontrollen gemessen? In welchem Monat waren es mehr?,"Im November 2021 wurden 3298 Verstöße verzeichnet, wohingegen es im Dezember nur 2800 waren.","2021_dezember.csv 2021_november.csv",geschwindigkeitskontrollen-2021b93cd,multi hop,2,"In beiden Dateien muss erst eine Summe errechnet werden, die dann mit der jeweils anderen verglichen wird."
Wie hoch waren die Auszahlungen der Stadt Oldenburg für Schule und Bildung in den Jahren 2022 und 2023 insgesamt?,7775300€ insgesamt,"1101_Haushaltsplan_StadtOL_2022_Finanzhaushalt.csv 1101_Haushaltsplan_StadtOL_2023_Finanzhaushalt.csv","haushaltsplan-der-stadt-oldenburg-2022 haushaltsplan-der-stadt-oldenburg-2023",multi hop,2,
Wie hat sich die Anzahl der Familien mit drei oder mehr Kindern in Bad Münstereifel von 2011 bis 2021 verändert??,"Die Anzahl der Familien mit 3 Kindern ist 2021 im Vergleich zu 2011 gesunken.","EWO_990_sim_OpDat507-2011_20161121.csv EWO_990_sim_OpDat508_20220101.csv",d07-familien-mit-anzahl-kinder-bad-munstereifel,multi hop,2,"2011 gab es 213 Familien mit drei oder mehr Kindern, 2021 waren es 178. 2011 wurde noch nach Stadtgebieten unterschieden, 2021 gibt es nur Daten für das gesamte Stadtgebieten."
War der Vorname Maria in Bremen 2009 oder 2012 häufiger?,2012 wurde der Name Maria 41 mal vergeben und somit häufiger als 2009 mit 35,"Vornamen-2009.csv Vornamen-2012.csv","vornamen-top-100-in-bremen-2009 vornamen-top-100-in-bremen-2012",multi hop,2,
Wie viele Wähler gab es bei den Bundestagswahlen 2013 und 2017 in Bayern?,2013 gab es 6633726 Wähler und 2017 gab es 7441006 Wähler,"btw13_kerg.csv btw17_kerg.csv","bundestagswahl-2017 de-bundestagswahl-2013",multi hop,2,
"In welchem Jahr zwischen 2000 und 2020 wurden in Pforzheim die meisten Straftaten gegen die sexuelle Selbstbestimmung erfasst, und wie viele waren es?","Im Jahr 2020 wurden in Pforzheim die meisten Straftaten gegen die sexuelle Selbstbestimmung erfasst, nämlich 183 Fälle.",de-bw-pforzheim-ordnung_und_sicherheit.csv,de-bw-pforzheim-ordnung_und_sicherheit,post processing heavy,2,
Welcher Stadtbereich in Rostock hatte 2019 den höchsten Altenquotienten und wie hoch war dieser?,"Der Stadtbereich Warnemünde hatte 2019 mit 83,4 den höchsten Altenquotienten in Rostock.",bevoelkerungsstruktur_2019_alter.csv,821ea501-d5a9-46b8-aa21-e01f4f9dbd22,post processing heavy,2,
In welchem Stadtteil von Jülich erhielt die SPD bei den Landtagswahlen 2012 und 2017 jeweils den höchsten Stimmenanteil bei der Zweitstimme?,Die SPD erzielte bei der Landtagswahl 2012 in Bourheim und 2017 in Daubenrath den höchsten Stimmenanteil aller Jülicher Stadtteile,"Landtagswahl_NRW8.csv Landtagswahl_NRW998.csv",d12-landtagswahlen-stadt-julich,multi hop,2,
Wie viele der Wahllokale zur Bundestagswahl 2017 und zur Ratswahl 2020 in Bedburg waren barrierefrei zugänglich?,Alle aufgelisteten Wahllokale zur Bundestagswahl 2017 (21 Wahllokale) und zur Ratswahl 2020 (22 Wahllokale) in Bedburg waren barrierefrei zugänglich.,"opendata-wahllokale.csv Bedburg_wahllokale.csv","d15-bundestagswahlen-bedburg d24-ratswahlen-bedburg",multi hop,2,
Wie viele Einwohner mit deutscher und ausländischer Staatsangehörigkeit lebten zum 31.12.2011 in der Gemeinde Langerwehe?,Zum Stichtag 31.12.2011 lebten in der Gemeinde Langerwehe 13.084 Personen mit deutscher und 611 Personen mit ausländischer Staatsangehörigkeit.,EWO_990_sim_OpDat265-2011_20161027.csv,d05-einwohner-gesamt-gemeinde-langerwehe,simple with restriction,2,
Wie viele Familien mit mindestens 5 Personen gab es am 31.12.2015 in der Gemeinde Merzenich und wie viele Personen lebten insgesamt in diesen Familien?,"Am 31.12.2015 gab es in der Gemeinde Merzenich 90 Familien mit mindestens 5 Personen (66 mit 5, 19 mit 6, 3 mit 7 und 2 mit 8 Personen). In diesen Familien lebten insgesamt 481 Personen (330 in 5-Personen-Familien, 114 in 6-Personen-Familien, 21 in 7-Personen-Familien und 16 in 8-Personen-Familien).",EWO_990_sim_OpDat28A-2015_20161121.csv,d08-familien-nach-grosse-gemeinde-merzenich,post processing heavy,2,
Wie hat sich die Gesamtzahl der Studierenden an der Universität Augsburg zwischen dem Wintersemester 2011/12 und dem Wintersemester 2016/17 entwickelt?,"Im Wintersemester 2011/12 waren 17.054 Studierende an der Universität Augsburg eingeschrieben, im Wintersemester 2016/17 waren es 20.013. Die Zahl der Studierenden ist in diesem Zeitraum also um 2.959 gestiegen.",de-by-augsburg-bildung_-_studierende_an_der_universitaet_augsburg.csv,http-informationsportal-augsburg-de-opendataaugsburg-dataset-de-by-augsburg-bildung_-_studierende_an_der_universitaet_augsburg-dataset,post processing heavy,2,
An wie vielen verschiedenen Tagen in der Kalenderwoche 7 des Jahres 2022 wurde auf der Alfredstraße eine Geschwindigkeitsüberwachung durchgeführt?,"In der Kalenderwoche 7 des Jahres 2022 wurde an fünf verschiedenen Tagen (14.02., 15.02., 16.02., 17.02.2022 und 18.02.2022) auf der Alfredstraße eine Geschwindigkeitsüberwachung durchgeführt.",Messbereiche%202022%20KW07.csv,geschwindigkeitsuberwachungen-2022,simple with restriction,2,
Wie viele Einwohner mit deutscher und wie viele mit syrischer Staatsangehörigkeit lebten 2011 und 2019 in der Gemeinde Hürtgenwald?,Im Jahr 2011 lebten in der Gemeinde Hürtgenwald 8.379 Einwohner*innen mit deutscher Staatsangehörigkeit und 2 Einwohner*innen mit syrischer Staatsangehörigkeit. Im Jahr 2019 lebten in der Gemeinde Hürtgenwald 8.238 Einwohner*innen mit deutscher Staatsangehörigkeit und 41 Einwohner*innen mit syrischer Staatsangehörigkeit.,EWO_990_sim_OpDat226_20200116.csv EWO_990_sim_OpDat226-2011_20161027.csv,d06-einwohner-nach-alter-und-staatsangehorigkeit-gemeinde-hurtgenwald,multi hop,2,"Die Zahlen müssen für jede Staatsangehörigkeit summiert werden."
Welche drei Vornamen wurden im Jahr 2020 in Kerpen am häufigsten vergeben und wie viele Kinder erhielten jeweils diese Namen?,"Die drei am häufigsten vergebenen Vornamen in Kerpen im Jahr 2020 waren Sophie (14 Kinder), Marie (9 Kinder) und Maximilian (8 Kinder)",EWO_990_sim_OpDat771_20210116.csv,d01-vornamen-eines-geburtsjahres-kerpen,post processing heavy,2,
Wie viele Briefwahlbezirke gab es bei der Landtagswahl 2021 in der Stadt Paris?,"In Paris gab es keine Briefwahlbezirke für die Landtagswahl 2021, da diese Wahl nur in Rostock stattfand.",landtagswahl_2021_wahlbezirke.csv,b6804103-8124-459d-9e6a-542c425d7e29,false premise,2,
Wie viele Stimmen erhielt die Partei 'Unicorn Power' bei der Bundestagswahl 2013 in Kall?,"Es gibt keine Partei mit dem Namen 'Unicorn Power', daher liegen dazu keine Wahlergebnisse vor.",Bundestagswahl6.csv,d15-bundestagswahlen-kall,false premise,2,
An welchem Tag der Kalenderwoche 23 im Jahr 2022 wurde auf der Marsstraße in Atlantis eine Geschwindigkeitsüberwachung durchgeführt?,"Es gibt keine Marsstraße in Atlantis, daher liegen dazu keine Messdaten vor.",Messbereiche%202022%20KW23.csv,geschwindigkeitsuberwachungen-2022,false premise,2,
Wie viele Kinder mit dem Vornamen 'X Æ A-12' wurden 2013 in der Gemeinde Hürtgenwald geboren?,Es wurden 2013 in der Gemeinde Hürtgenwald keine Kinder mit dem Vornamen 'X Æ A-12' geboren.,EWO_990_sim_OpDat221-2013_20161027.csv,d01-vornamen-eines-geburtsjahres-gemeinde-hurtgenwald,false premise,2,
Wie viele Einwohner der Stadtmitte waren 2019 über 100 Jahre alt und arbeiteten als Astronauten?,"Es gibt keine Angaben zu Einwohnern über 100 Jahren, die als Astronauten arbeiten. Diese Information ist nicht vorhanden und es ist äußerst unwahrscheinlich, dass es solche Fälle in der Stadtmitte gibt.",013_Stadtmitte_1.csv,entwicklung-der-einwohnerzahl-in-dusseldorf-bis-2035-stadtteilprofile,false premise,2,Die Datei gibt gar keine Informationen über Alter und Beruf.
Wie hoch war der Anteil der marsianischen Staatsbürger in Rostock-Lichtenhagen im Jahr 2017?,"Es gibt keine marsianischen Staatsbürger in Rostock-Lichtenhagen oder anderswo auf der Erde, daher liegen dazu keine Daten vor.",bevoelkerungsstruktur_2017_staatsangehoerigkeit.csv,e0f296a7-adbe-4a0f-a0f6-6a464b3e6dc7,false premise,2,
Wie viele Familien mit minus 3 Personen lebten 2010 in der Stadt Bergheim?,Eine Personenanzahl kann nicht negativ sein. Daher gibt es dazu keine Daten.,EWO_990_sim_OpDat80A-2010_20161121.csv,d08-familien-nach-grosse-stadt-bergheim,false premise,2,
Wie viele Geburten von Einhörnern wurden 2012 im Standesamt Düsseldorf registriert?,"Es wurden keine Geburten von Einhörnern im Standesamt Düsseldorf registriert, da Einhörner Fabelwesen sind und nicht in offiziellen Geburtenregistern erfasst werden.",Auswertungen_G_2012.csv,statistik-geburtenregister-des-standesamtes-dusseldorf-seit-2008,false premise,2,
Wie viele Einwohner der Gemeinde Langerwehe sind im Jahr 2019 nach Hogwarts umgezogen?,"Es sind keine Einwohner der Gemeinde Langerwehe im Jahr 2019 nach Hogwarts umgezogen, da Hogwarts eine fiktive Schule aus der Harry-Potter-Welt ist und nicht als reales Zuzugsziel existiert.",EWO_990_sim_OpDat263_20200116.csv,d03-passierte-bewegungen-eines-jahres-gemeinde-langerwehe,false premise,2,
Wie viele Radfahrer wurden im Jahr 2016 an der Dauerzählstelle Fleher Deich west stromabwärts während eines Sandsturms gezählt?,"Im Jahr 2016 gab es an der Dauerzählstelle Fleher Deich west stromabwärts keinen Sandsturm, daher liegen dazu keine Zähldaten vor.",Fleher%20Deich%20west%20stromabw%C3%A4rts%202016_0.csv,wetterabhangige-jahresubersicht-der-dauerzahlstellen-radverkehr-2016,false premise,2,
Welcher Stadtbereich in Rostock hatte im Jahr 2007 den größten absoluten Bevölkerungszuwachs?,Die Kröpeliner-Tor-Vorstadt hatte im Jahr 2007 mit 421 Personen den größten absoluten Bevölkerungszuwachs.,bevoelkerungsstruktur_2007_bewegung_gesamt.csv,ca6846a1-5bf5-46a9-9b2f-5f7cb25fef6b,simple with restriction,2,
Wie viele Eheschließungen gab es im Jahr 2015 in der Gemeinde Titz?,55,EWO_990_sim_OpDat172-2015_20161111.csv,d02-anderung-familienstande-eines-jahres-titz,simple with restriction,2,
Welcher weibliche Vorname wurde 2021 in der Landgemeinde Titz am häufigsten vergeben?,Sophie (5-mal),EWO_990_sim_OpDat171_20220116.csv,d01-vornamen-eines-geburtsjahres-titz,simple with restriction,2,
Wie hoch ist die prognostizierte Bevölkerungsentwicklung in Hubbelrath von 2019 bis 2035 in Prozent?,"191,6%",074%20Hubbelrath.csv,entwicklung-der-einwohnerzahl-in-dusseldorf-bis-2035-stadtteilprofile,simple with restriction,2,
Welche Vornamen wurden im Jahr 2013 in der Gemeinde Hürtgenwald mindestens dreimal vergeben?,"Emilia, Marie",EWO_990_sim_OpDat221-2013_20161027.csv,d01-vornamen-eines-geburtsjahres-gemeinde-hurtgenwald,set,2,"Emilia 3 Mal und Marie 4 Mal"
Wie viele Radfahrer wurden am 1. Januar 2014 zwischen 0 und 4 Uhr an der Oberkasseler Brücke Süd in Düsseldorf gezählt?,28,OKB%20S%C3%BCd%202014_2.csv,wetterabhangige-jahresubersicht-der-dauerzahlstellen-radverkehr-2014,aggregation,2,"Alternativ mögliche Antwort (bei Interpretation 00:00–03:59 Uhr): 26 Radfahrer"
In welche Länder sind im Jahr 2020 jeweils mindestens 2 Menschen aus Nörvenich weggezogen?,"Deutschland, Polen, Rumänien, Türkei, Unbekanntes Ausland",EWO_990_sim_OpDat16B_20210116.csv,d09-zu-und-wegzuge-eines-jahres-nach-ort-und-alter-norvenich,set,2,
Wie viele Ausleihen hatte die Stadtteilbücherei Eller der Stadt Düsseldorf von 2008 bis 2018 insgesamt?,1953960 Ausleihen,eller_0.csv,jahreszahlen-der-stadtbuchereien-der-landeshauptstadt-dusseldorf,aggregation,2,
Wie viele verschiedene Straßen sind zum Stichtag 31.12.2022 in der Gemeinde Langerwehe verzeichnet?,Es sind 255 verschiedene Straßen in der Gemeinde Langerwehe verzeichnet.,Langerwehe%20EWO_990_sim_OpDat26E_20230116.csv,d28-strassenverzeichnis-langerwehe,aggregation,2,
Welcher Stadtteil von Konstanz hatte im Jahr 2024 den höchsten natürlichen Bevölkerungssaldo?,Petershausen-West hatte im Jahr 2024 mit 43 den höchsten natürlichen Bevölkerungssaldo unter den Stadtteilen von Konstanz.,Geburten_und_Sterbef%C3%A4lle_Stadtteile_2006-2024_0.csv,geburten-und-sterbefalle,post processing heavy,2,
"In welchem Ortsteil von Linnich lebten zum Stichtag 31.12.2010 mehr Ausländer, in Boslar oder Ederen?",in Ederen,EWO_990_sim_OpDat274-2010_20161107.csv,d04-einwohner-nach-ortsteilen-linnich,comparison,2,"Ederen: 22, Boslar: 12"
Wie viele Kinder mit dem Vornamen Anna wurden 2019 in Kreuzau ins Geburtenregister eingetragen?,"Keine, es gab nur ein Kind namens Nora.",VN25019.csv,d27-statistiken-standesamt-kreuzau,false premise,2,
An wie vielen Tagen im Jahr 2020 lag die minimale Temperatur (Tmin) an der Wetterstation der Universität Düsseldorf unter 0 Grad Celsius?,An 19 Tagen lag die minimale Temperatur unter 0 Grad Celsius,Universit%C3%A4t_Wetter_2020.csv,wetterstationen-der-landeshauptstadt-dusseldorf,aggregation,2,
Wie viele Radfahrer wurden an der Dauerzählstelle Kö - Steinstraße in Düsseldorf im Jahr 2019 insgesamt gezählt?,Die Gesamtzahl der gezählten Radfahrer im Jahr 2019 beträgt 626040.,K%C3%B6%20Steinstra%C3%9Fe%202019_0.csv,wetterabhangige-jahresubersicht-der-dauerzahlstellen-radverkehr-2019,aggregation,2,
Wie viele Einwohner lebten zum 31.12.2015 in der Stadt Bergheim?,Zum 31.12.2015 lebten in der Stadt Bergheim 63.068 Einwohner.,EWO_990_sim_OpDat805-2015_20161010.csv,d05-einwohner-gesamt-stadt-bergheim,aggregation,2,
Wie viele Grabstätten gibt es insgesamt in der Stadt Bergheim zum Stichtag 06.01.2021?,17.718,Grabstaetten_Bergheim_20210106.csv,d14-grabstatten-und-bestattungen-bergheim,simple with restriction,2,
Wie viele Familien mit vier Personen lebten zum 31.12.2021 im Ortsteil Badorf in Brühl?,Im Ortsteil Badorf lebten zum 31.12.2021 insgesamt 257 Familien mit vier Personen.,EWO_990_sim_OpDat419_20220101.csv,d08-familien-nach-grosse-stadt-bruhl,simple with restriction,2,
Welcher männliche Vorname wurde im Jahr 2020 in Brühl am häufigsten vergeben?,"Elias, Luca",EWO_990_sim_OpDat411_20210116.csv,d01-vornamen-eines-geburtsjahres-stadt-bruhl,simple with restriction,2,
In welchem Stadtteil von Bedburg erhielt die CDU bei der Bundestagswahl 2017 den höchsten Stimmenanteil?,Königshoven,Bundestagswahl1038.csv,d15-bundestagswahlen-bedburg,comparison,2,
Wie viele Krankenhäuser gab es im Jahr 2023 in Frankfurt am Main?,12,de-he-frankfurtam-krankenhaeuser.csv,de-he-frankfurtam-krankenhaeuser,simple with restriction,2,
Wie viel Biomüll wurde insgesamt im Jahr 2024 in Konstanz gesammelt?,"Im Jahr 2024 wurden in Konstanz insgesamt 6580,34 Tonnen Biomüll gesammelt.",EBK_Abfallstatistik_monatlich_2020_2024.csv,abfallstatistik-entsorgungsbetriebe-konstanz,aggregation,2,
Wie hoch waren die gesamten Steuereinnahmen (netto) der Stadt Dresden im Jahr 2023?,Im Jahr 2023 betrugen die gesamten Steuereinnahmen (netto) der Stadt Dresden 829.763.000 Euro,de-sn-dresden-steuerstatistik_dresden_jahre_bd0.csv,de-sn-dresden-steuerstatistik_dresden_jahre_bd0,simple with restriction,2,"In der Datei ist der Wert 829.763 aufgeführt. Mit Domänenwissen muss geschlussfolgert werden, dass dieser in TEUR (Tausend Euro) aufgeführt ist."
In welchem Wahlbezirk liegt die Straße 'Akazienweg' in Heimbach?,Die Straße 'Akazienweg' liegt im Wahlbezirk Hasenfeld mit der Wahlbezirksnummer 02.0.,Heimbach_adressen_strassen.csv,d15-bundestagswahlen-heimbach,simple with restriction,2,
