Merkmal,"Typ ",Hochschule,Studierende,Wintersemester
insgesamt,Studierende,Universität Augsburg,19006,2013/14
insgesamt,Studierende,Universität Augsburg,17716,2012/13
insgesamt,Studierende,Universität Augsburg,17054,2011/12
insgesamt,Studierende,Universität Augsburg,20013,2016/17
insgesamt,Studierende,Universität Augsburg,19858,2015/16
insgesamt,Studierende,Universität Augsburg,19341,2014/15
insgesamt,Studierende,Universität Augsburg,15465,2010/11
insgesamt,Studierende,Universität Augsburg,20035,2017/18
insgesamt,Studierende,Universität Augsburg,19657,2018/19
insgesamt,Studierende,Universität Augsburg,19403,2019/20
insgesamt,Studierende,Universität Augsburg,12623,1990/91
insgesamt,Studierende,Universität Augsburg,13985,1991/92
insgesamt,Studierende,Universität Augsburg,14920,1992/93
insgesamt,Studierende,Universität Augsburg,14925,1993/94
insgesamt,Studierende,Universität Augsburg,14809,1994/95
insgesamt,Studierende,Universität Augsburg,14392,1995/96
insgesamt,Studierende,Universität Augsburg,13569,1996/97
insgesamt,Studierende,Universität Augsburg,13154,1997/98
insgesamt,Studierende,Universität Augsburg,12587,1998/99
insgesamt,Studierende,Universität Augsburg,11359,1999/00
insgesamt,Studierende,Universität Augsburg,11519,2000/01
insgesamt,Studierende,Universität Augsburg,12055,2001/02
insgesamt,Studierende,Universität Augsburg,13090,2002/03
insgesamt,Studierende,Universität Augsburg,14181,2003/04
insgesamt,Studierende,Universität Augsburg,14821,2004/05
insgesamt,Studierende,Universität Augsburg,14330,2005/06
insgesamt,Studierende,Universität Augsburg,14500,2006/07
insgesamt,Studierende,Universität Augsburg,13771,2007/08
insgesamt,Studierende,Universität Augsburg,13692,2008/09
insgesamt,Studierende,Universität Augsburg,14573,2009/10
insgesamt,Studierende,Universität Augsburg,19975,2021/22
insgesamt,Studierende,Universität Augsburg,20060,2020/21
insgesamt,Studierende,Universität Augsburg,19392,2022/23
insgesamt,Studierende,Universität Augsburg,19089,2023/24
insgesamt,weilbich,Universität Augsburg,10566,2013/14
insgesamt,weilbich,Universität Augsburg,9931,2012/13
insgesamt,weilbich,Universität Augsburg,9647,2011/12
insgesamt,weilbich,Universität Augsburg,11095,2016/17
insgesamt,weilbich,Universität Augsburg,11046,2015/16
insgesamt,weilbich,Universität Augsburg,10704,2014/15
insgesamt,weilbich,Universität Augsburg,8950,2010/11
insgesamt,weilbich,Universität Augsburg,11101,2017/18
insgesamt,weilbich,Universität Augsburg,11077,2018/19
insgesamt,weilbich,Universität Augsburg,10947,2019/20
insgesamt,weilbich,Universität Augsburg,6137,1990/91
insgesamt,weilbich,Universität Augsburg,6766,1991/92
insgesamt,weilbich,Universität Augsburg,7209,1992/93
insgesamt,weilbich,Universität Augsburg,7248,1993/94
insgesamt,weilbich,Universität Augsburg,7229,1994/95
insgesamt,weilbich,Universität Augsburg,7156,1995/96
insgesamt,weilbich,Universität Augsburg,6826,1996/97
insgesamt,weilbich,Universität Augsburg,6687,1997/98
insgesamt,weilbich,Universität Augsburg,6491,1998/99
insgesamt,weilbich,Universität Augsburg,6061,1999/00
insgesamt,weilbich,Universität Augsburg,6345,2000/01
insgesamt,weilbich,Universität Augsburg,6673,2001/02
insgesamt,weilbich,Universität Augsburg,7406,2002/03
insgesamt,weilbich,Universität Augsburg,7987,2003/04
insgesamt,weilbich,Universität Augsburg,8479,2004/05
insgesamt,weilbich,Universität Augsburg,8237,2005/06
insgesamt,weilbich,Universität Augsburg,8321,2006/07
insgesamt,weilbich,Universität Augsburg,7918,2007/08
insgesamt,weilbich,Universität Augsburg,7842,2008/09
insgesamt,weilbich,Universität Augsburg,8401,2009/10
insgesamt,weilbich,Universität Augsburg,11452,2021/22
insgesamt,weilbich,Universität Augsburg,11416,2020/21
insgesamt,weilbich,Universität Augsburg,11078,2022/23
insgesamt,weilbich,Universität Augsburg,10903,2023/24
insgesamt,männlich,Universität Augsburg,8440,2013/14
insgesamt,männlich,Universität Augsburg,7785,2012/13
insgesamt,männlich,Universität Augsburg,7407,2011/12
insgesamt,männlich,Universität Augsburg,8918,2016/17
insgesamt,männlich,Universität Augsburg,8812,2015/16
insgesamt,männlich,Universität Augsburg,8637,2014/15
insgesamt,männlich,Universität Augsburg,6515,2010/11
insgesamt,männlich,Universität Augsburg,8934,2017/18
insgesamt,männlich,Universität Augsburg,8580,2018/19
insgesamt,männlich,Universität Augsburg,8456,2019/20
insgesamt,männlich,Universität Augsburg,6486,1990/91
insgesamt,männlich,Universität Augsburg,7219,1991/92
insgesamt,männlich,Universität Augsburg,7711,1992/93
insgesamt,männlich,Universität Augsburg,7677,1993/94
insgesamt,männlich,Universität Augsburg,7580,1994/95
insgesamt,männlich,Universität Augsburg,7236,1995/96
insgesamt,männlich,Universität Augsburg,6743,1996/97
insgesamt,männlich,Universität Augsburg,6467,1997/98
insgesamt,männlich,Universität Augsburg,6096,1998/99
insgesamt,männlich,Universität Augsburg,5298,1999/00
insgesamt,männlich,Universität Augsburg,5174,2000/01
insgesamt,männlich,Universität Augsburg,5382,2001/02
insgesamt,männlich,Universität Augsburg,5684,2002/03
insgesamt,männlich,Universität Augsburg,6194,2003/04
insgesamt,männlich,Universität Augsburg,6342,2004/05
insgesamt,männlich,Universität Augsburg,6093,2005/06
insgesamt,männlich,Universität Augsburg,6179,2006/07
insgesamt,männlich,Universität Augsburg,5853,2007/08
insgesamt,männlich,Universität Augsburg,5850,2008/09
insgesamt,männlich,Universität Augsburg,6172,2009/10
insgesamt,männlich,Universität Augsburg,8523,2021/22
insgesamt,männlich,Universität Augsburg,8644,2020/21
insgesamt,männlich,Universität Augsburg,8314,2022/23
insgesamt,männlich,Universität Augsburg,8186,2023/24
insgesamt,Deutsche,Universität Augsburg,17227,2013/14
insgesamt,Deutsche,Universität Augsburg,16079,2012/13
insgesamt,Deutsche,Universität Augsburg,15469,2011/12
insgesamt,Deutsche,Universität Augsburg,18097,2016/17
insgesamt,Deutsche,Universität Augsburg,17995,2015/16
insgesamt,Deutsche,Universität Augsburg,17564,2014/15
insgesamt,Deutsche,Universität Augsburg,13918,2010/11
insgesamt,Deutsche,Universität Augsburg,18119,2017/18
insgesamt,Deutsche,Universität Augsburg,17805,2018/19
insgesamt,Deutsche,Universität Augsburg,17623,2019/20
insgesamt,Deutsche,Universität Augsburg,12018,1990/91
insgesamt,Deutsche,Universität Augsburg,13276,1991/92
insgesamt,Deutsche,Universität Augsburg,14068,1992/93
insgesamt,Deutsche,Universität Augsburg,13975,1993/94
insgesamt,Deutsche,Universität Augsburg,13836,1994/95
insgesamt,Deutsche,Universität Augsburg,13453,1995/96
insgesamt,Deutsche,Universität Augsburg,12656,1996/97
insgesamt,Deutsche,Universität Augsburg,12151,1997/98
insgesamt,Deutsche,Universität Augsburg,11533,1998/99
insgesamt,Deutsche,Universität Augsburg,10292,1999/00
insgesamt,Deutsche,Universität Augsburg,10355,2000/01
insgesamt,Deutsche,Universität Augsburg,10694,2001/02
insgesamt,Deutsche,Universität Augsburg,11447,2002/03
insgesamt,Deutsche,Universität Augsburg,12361,2003/04
insgesamt,Deutsche,Universität Augsburg,12884,2004/05
insgesamt,Deutsche,Universität Augsburg,12439,2005/06
insgesamt,Deutsche,Universität Augsburg,12680,2006/07
insgesamt,Deutsche,Universität Augsburg,12173,2007/08
insgesamt,Deutsche,Universität Augsburg,12152,2008/09
insgesamt,Deutsche,Universität Augsburg,13054,2009/10
insgesamt,Deutsche,Universität Augsburg,18285,2021/22
insgesamt,Deutsche,Universität Augsburg,18391,2020/21
insgesamt,Deutsche,Universität Augsburg,17728,2022/23
insgesamt,Deutsche,Universität Augsburg,17424,2023/24
männlich,Deutsche,Universität Augsburg,7764,2013/14
männlich,Deutsche,Universität Augsburg,7167,2012/13
männlich,Deutsche,Universität Augsburg,6832,2011/12
männlich,Deutsche,Universität Augsburg,8256,2016/17
männlich,Deutsche,Universität Augsburg,8171,2015/16
männlich,Deutsche,Universität Augsburg,7982,2014/15
männlich,Deutsche,Universität Augsburg,5972,2010/11
männlich,Deutsche,Universität Augsburg,8235,2017/18
männlich,Deutsche,Universität Augsburg,7931,2018/19
männlich,Deutsche,Universität Augsburg,7806,2019/20
männlich,Deutsche,Universität Augsburg,6147,1990/91
männlich,Deutsche,Universität Augsburg,6836,1991/92
männlich,Deutsche,Universität Augsburg,7261,1992/93
männlich,Deutsche,Universität Augsburg,7193,1993/94
männlich,Deutsche,Universität Augsburg,7089,1994/95
männlich,Deutsche,Universität Augsburg,6773,1995/96
männlich,Deutsche,Universität Augsburg,6288,1996/97
männlich,Deutsche,Universität Augsburg,5992,1997/98
männlich,Deutsche,Universität Augsburg,5627,1998/99
männlich,Deutsche,Universität Augsburg,4843,1999/00
männlich,Deutsche,Universität Augsburg,4701,2000/01
männlich,Deutsche,Universität Augsburg,4835,2001/02
männlich,Deutsche,Universität Augsburg,5043,2002/03
männlich,Deutsche,Universität Augsburg,5499,2003/04
männlich,Deutsche,Universität Augsburg,5643,2004/05
männlich,Deutsche,Universität Augsburg,5409,2005/06
männlich,Deutsche,Universität Augsburg,5536,2006/07
männlich,Deutsche,Universität Augsburg,5282,2007/08
männlich,Deutsche,Universität Augsburg,5304,2008/09
männlich,Deutsche,Universität Augsburg,5627,2009/10
männlich,Deutsche,Universität Augsburg,7924,2021/22
männlich,Deutsche,Universität Augsburg,8027,2020/21
männlich,Deutsche,Universität Augsburg,7706,2022/23
männlich,Deutsche,Universität Augsburg,7566,2023/24
weiblich,Deutsche,Universität Augsburg,9463,2013/14
weiblich,Deutsche,Universität Augsburg,8912,2012/13
weiblich,Deutsche,Universität Augsburg,8637,2011/12
weiblich,Deutsche,Universität Augsburg,9841,2016/17
weiblich,Deutsche,Universität Augsburg,9824,2015/16
weiblich,Deutsche,Universität Augsburg,9582,2014/15
weiblich,Deutsche,Universität Augsburg,7946,2010/11
weiblich,Deutsche,Universität Augsburg,9884,2017/18
weiblich,Deutsche,Universität Augsburg,9874,2018/19
weiblich,Deutsche,Universität Augsburg,9817,2019/20
weiblich,Deutsche,Universität Augsburg,5871,1990/91
weiblich,Deutsche,Universität Augsburg,6440,1991/92
weiblich,Deutsche,Universität Augsburg,6807,1992/93
weiblich,Deutsche,Universität Augsburg,6782,1993/94
weiblich,Deutsche,Universität Augsburg,6747,1994/95
weiblich,Deutsche,Universität Augsburg,6680,1995/96
weiblich,Deutsche,Universität Augsburg,6368,1996/97
weiblich,Deutsche,Universität Augsburg,6159,1997/98
weiblich,Deutsche,Universität Augsburg,5906,1998/99
weiblich,Deutsche,Universität Augsburg,5449,1999/00
weiblich,Deutsche,Universität Augsburg,5654,2000/01
weiblich,Deutsche,Universität Augsburg,5859,2001/02
weiblich,Deutsche,Universität Augsburg,6404,2002/03
weiblich,Deutsche,Universität Augsburg,6862,2003/04
weiblich,Deutsche,Universität Augsburg,7241,2004/05
weiblich,Deutsche,Universität Augsburg,7030,2005/06
weiblich,Deutsche,Universität Augsburg,7144,2006/07
weiblich,Deutsche,Universität Augsburg,6891,2007/08
weiblich,Deutsche,Universität Augsburg,6848,2008/09
weiblich,Deutsche,Universität Augsburg,7427,2009/10
weiblich,Deutsche,Universität Augsburg,10361,2021/22
weiblich,Deutsche,Universität Augsburg,10364,2020/21
weiblich,Deutsche,Universität Augsburg,10022,2022/23
weiblich,Deutsche,Universität Augsburg,9858,2023/24
insgesamt,Ausländer,Universität Augsburg,1779,2013/14
insgesamt,Ausländer,Universität Augsburg,1637,2012/13
insgesamt,Ausländer,Universität Augsburg,1585,2011/12
insgesamt,Ausländer,Universität Augsburg,1916,2016/17
insgesamt,Ausländer,Universität Augsburg,1863,2015/16
insgesamt,Ausländer,Universität Augsburg,1777,2014/15
insgesamt,Ausländer,Universität Augsburg,1547,2010/11
insgesamt,Ausländer,Universität Augsburg,1916,2017/18
insgesamt,Ausländer,Universität Augsburg,1852,2018/19
insgesamt,Ausländer,Universität Augsburg,1780,2019/20
insgesamt,Ausländer,Universität Augsburg,605,1990/91
insgesamt,Ausländer,Universität Augsburg,709,1991/92
insgesamt,Ausländer,Universität Augsburg,852,1992/93
insgesamt,Ausländer,Universität Augsburg,950,1993/94
insgesamt,Ausländer,Universität Augsburg,973,1994/95
insgesamt,Ausländer,Universität Augsburg,939,1995/96
insgesamt,Ausländer,Universität Augsburg,913,1996/97
insgesamt,Ausländer,Universität Augsburg,1003,1997/98
insgesamt,Ausländer,Universität Augsburg,1054,1998/99
insgesamt,Ausländer,Universität Augsburg,1067,1999/00
insgesamt,Ausländer,Universität Augsburg,1164,2000/01
insgesamt,Ausländer,Universität Augsburg,1361,2001/02
insgesamt,Ausländer,Universität Augsburg,1643,2002/03
insgesamt,Ausländer,Universität Augsburg,1820,2003/04
insgesamt,Ausländer,Universität Augsburg,1937,2004/05
insgesamt,Ausländer,Universität Augsburg,1891,2005/06
insgesamt,Ausländer,Universität Augsburg,1820,2006/07
insgesamt,Ausländer,Universität Augsburg,1598,2007/08
insgesamt,Ausländer,Universität Augsburg,1540,2008/09
insgesamt,Ausländer,Universität Augsburg,1519,2009/10
insgesamt,Ausländer,Universität Augsburg,1690,2021/22
insgesamt,Ausländer,Universität Augsburg,1669,2020/21
insgesamt,Ausländer,Universität Augsburg,1664,2022/23
insgesamt,Ausländer,Universität Augsburg,1665,2023/24
männlich,Ausländer,Universität Augsburg,676,2013/14
männlich,Ausländer,Universität Augsburg,618,2012/13
männlich,Ausländer,Universität Augsburg,575,2011/12
männlich,Ausländer,Universität Augsburg,662,2016/17
männlich,Ausländer,Universität Augsburg,641,2015/16
männlich,Ausländer,Universität Augsburg,655,2014/15
männlich,Ausländer,Universität Augsburg,543,2010/11
männlich,Ausländer,Universität Augsburg,699,2017/18
männlich,Ausländer,Universität Augsburg,649,2018/19
männlich,Ausländer,Universität Augsburg,650,2019/20
männlich,Ausländer,Universität Augsburg,339,1990/91
männlich,Ausländer,Universität Augsburg,383,1991/92
männlich,Ausländer,Universität Augsburg,450,1992/93
männlich,Ausländer,Universität Augsburg,484,1993/94
männlich,Ausländer,Universität Augsburg,491,1994/95
männlich,Ausländer,Universität Augsburg,463,1995/96
männlich,Ausländer,Universität Augsburg,455,1996/97
männlich,Ausländer,Universität Augsburg,475,1997/98
männlich,Ausländer,Universität Augsburg,469,1998/99
männlich,Ausländer,Universität Augsburg,455,1999/00
männlich,Ausländer,Universität Augsburg,473,2000/01
männlich,Ausländer,Universität Augsburg,547,2001/02
männlich,Ausländer,Universität Augsburg,641,2002/03
männlich,Ausländer,Universität Augsburg,695,2003/04
männlich,Ausländer,Universität Augsburg,699,2004/05
männlich,Ausländer,Universität Augsburg,684,2005/06
männlich,Ausländer,Universität Augsburg,643,2006/07
männlich,Ausländer,Universität Augsburg,571,2007/08
männlich,Ausländer,Universität Augsburg,546,2008/09
männlich,Ausländer,Universität Augsburg,545,2009/10
männlich,Ausländer,Universität Augsburg,599,2021/22
männlich,Ausländer,Universität Augsburg,617,2020/21
männlich,Ausländer,Universität Augsburg,608,2022/23
männlich,Ausländer,Universität Augsburg,620,2023/24
weiblich,Ausländer,Universität Augsburg,1103,2013/14
weiblich,Ausländer,Universität Augsburg,1019,2012/13
weiblich,Ausländer,Universität Augsburg,1010,2011/12
weiblich,Ausländer,Universität Augsburg,1254,2016/17
weiblich,Ausländer,Universität Augsburg,1222,2015/16
weiblich,Ausländer,Universität Augsburg,1122,2014/15
weiblich,Ausländer,Universität Augsburg,1004,2010/11
weiblich,Ausländer,Universität Augsburg,1217,2017/18
weiblich,Ausländer,Universität Augsburg,1203,2018/19
weiblich,Ausländer,Universität Augsburg,1130,2019/20
weiblich,Ausländer,Universität Augsburg,266,1990/91
weiblich,Ausländer,Universität Augsburg,326,1991/92
weiblich,Ausländer,Universität Augsburg,402,1992/93
weiblich,Ausländer,Universität Augsburg,466,1993/94
weiblich,Ausländer,Universität Augsburg,482,1994/95
weiblich,Ausländer,Universität Augsburg,476,1995/96
weiblich,Ausländer,Universität Augsburg,458,1996/97
weiblich,Ausländer,Universität Augsburg,528,1997/98
weiblich,Ausländer,Universität Augsburg,585,1998/99
weiblich,Ausländer,Universität Augsburg,612,1999/00
weiblich,Ausländer,Universität Augsburg,691,2000/01
weiblich,Ausländer,Universität Augsburg,814,2001/02
weiblich,Ausländer,Universität Augsburg,1002,2002/03
weiblich,Ausländer,Universität Augsburg,1125,2003/04
weiblich,Ausländer,Universität Augsburg,1238,2004/05
weiblich,Ausländer,Universität Augsburg,1207,2005/06
weiblich,Ausländer,Universität Augsburg,1177,2006/07
weiblich,Ausländer,Universität Augsburg,1027,2007/08
weiblich,Ausländer,Universität Augsburg,994,2008/09
weiblich,Ausländer,Universität Augsburg,974,2009/10
weiblich,Ausländer,Universität Augsburg,1091,2021/22
weiblich,Ausländer,Universität Augsburg,1052,2020/21
weiblich,Ausländer,Universität Augsburg,1056,2022/23
weiblich,Ausländer,Universität Augsburg,1045,2023/24
insgesamt,darunter 1. Hochschulsemester,Universität Augsburg,3411,2013/14
insgesamt,darunter 1. Hochschulsemester,Universität Augsburg,3161,2012/13
insgesamt,darunter 1. Hochschulsemester,Universität Augsburg,3235,2011/12
insgesamt,darunter 1. Hochschulsemester,Universität Augsburg,3135,2016/17
insgesamt,darunter 1. Hochschulsemester,Universität Augsburg,3233,2015/16
insgesamt,darunter 1. Hochschulsemester,Universität Augsburg,3097,2014/15
insgesamt,darunter 1. Hochschulsemester,Universität Augsburg,3068,2010/11
insgesamt,darunter 1. Hochschulsemester,Universität Augsburg,3237,2017/18
insgesamt,darunter 1. Hochschulsemester,Universität Augsburg,3077,2018/19
insgesamt,darunter 1. Hochschulsemester,Universität Augsburg,3088,2019/20
insgesamt,darunter 1. Hochschulsemester,Universität Augsburg,2604,1990/91
insgesamt,darunter 1. Hochschulsemester,Universität Augsburg,2468,1991/92
insgesamt,darunter 1. Hochschulsemester,Universität Augsburg,2188,1992/93
insgesamt,darunter 1. Hochschulsemester,Universität Augsburg,1867,1993/94
insgesamt,darunter 1. Hochschulsemester,Universität Augsburg,1730,1994/95
insgesamt,darunter 1. Hochschulsemester,Universität Augsburg,1764,1995/96
insgesamt,darunter 1. Hochschulsemester,Universität Augsburg,1794,1996/97
insgesamt,darunter 1. Hochschulsemester,Universität Augsburg,1724,1997/98
insgesamt,darunter 1. Hochschulsemester,Universität Augsburg,1718,1998/99
insgesamt,darunter 1. Hochschulsemester,Universität Augsburg,1795,1999/00
insgesamt,darunter 1. Hochschulsemester,Universität Augsburg,1934,2000/01
insgesamt,darunter 1. Hochschulsemester,Universität Augsburg,2259,2001/02
insgesamt,darunter 1. Hochschulsemester,Universität Augsburg,2563,2002/03
insgesamt,darunter 1. Hochschulsemester,Universität Augsburg,2547,2003/04
insgesamt,darunter 1. Hochschulsemester,Universität Augsburg,2523,2004/05
insgesamt,darunter 1. Hochschulsemester,Universität Augsburg,2260,2005/06
insgesamt,darunter 1. Hochschulsemester,Universität Augsburg,2548,2006/07
insgesamt,darunter 1. Hochschulsemester,Universität Augsburg,2397,2007/08
insgesamt,darunter 1. Hochschulsemester,Universität Augsburg,2490,2008/09
insgesamt,darunter 1. Hochschulsemester,Universität Augsburg,2897,2009/10
insgesamt,darunter 1. Hochschulsemester,Universität Augsburg,2861,2021/22
insgesamt,darunter 1. Hochschulsemester,Universität Augsburg,3365,2020/21
insgesamt,darunter 1. Hochschulsemester,Universität Augsburg,2750,2022/23
insgesamt,darunter 1. Hochschulsemester,Universität Augsburg,2887,2023/24
insgesamt,darunter 1. Fachsemester,Universität Augsburg,5425,2013/14
insgesamt,darunter 1. Fachsemester,Universität Augsburg,4864,2012/13
insgesamt,darunter 1. Fachsemester,Universität Augsburg,4430,2011/12
insgesamt,darunter 1. Fachsemester,Universität Augsburg,5482,2016/17
insgesamt,darunter 1. Fachsemester,Universität Augsburg,5335,2015/16
insgesamt,darunter 1. Fachsemester,Universität Augsburg,5312,2014/15
insgesamt,darunter 1. Fachsemester,Universität Augsburg,4224,2010/11
insgesamt,darunter 1. Fachsemester,Universität Augsburg,5523,2017/18
insgesamt,darunter 1. Fachsemester,Universität Augsburg,5312,2018/19
insgesamt,darunter 1. Fachsemester,Universität Augsburg,5341,2019/20
insgesamt,darunter 1. Fachsemester,Universität Augsburg,3406,1990/91
insgesamt,darunter 1. Fachsemester,Universität Augsburg,3254,1991/92
insgesamt,darunter 1. Fachsemester,Universität Augsburg,3043,1992/93
insgesamt,darunter 1. Fachsemester,Universität Augsburg,2799,1993/94
insgesamt,darunter 1. Fachsemester,Universität Augsburg,2717,1994/95
insgesamt,darunter 1. Fachsemester,Universität Augsburg,2669,1995/96
insgesamt,darunter 1. Fachsemester,Universität Augsburg,2723,1996/97
insgesamt,darunter 1. Fachsemester,Universität Augsburg,2472,1997/98
insgesamt,darunter 1. Fachsemester,Universität Augsburg,2455,1998/99
insgesamt,darunter 1. Fachsemester,Universität Augsburg,2294,1999/00
insgesamt,darunter 1. Fachsemester,Universität Augsburg,2524,2000/01
insgesamt,darunter 1. Fachsemester,Universität Augsburg,3008,2001/02
insgesamt,darunter 1. Fachsemester,Universität Augsburg,3433,2002/03
insgesamt,darunter 1. Fachsemester,Universität Augsburg,3429,2003/04
insgesamt,darunter 1. Fachsemester,Universität Augsburg,3458,2004/05
insgesamt,darunter 1. Fachsemester,Universität Augsburg,3128,2005/06
insgesamt,darunter 1. Fachsemester,Universität Augsburg,3402,2006/07
insgesamt,darunter 1. Fachsemester,Universität Augsburg,3189,2007/08
insgesamt,darunter 1. Fachsemester,Universität Augsburg,3142,2008/09
insgesamt,darunter 1. Fachsemester,Universität Augsburg,3852,2009/10
insgesamt,darunter 1. Fachsemester,Universität Augsburg,4625,2021/22
insgesamt,darunter 1. Fachsemester,Universität Augsburg,5428,2020/21
insgesamt,darunter 1. Fachsemester,Universität Augsburg,4409,2022/23
insgesamt,darunter 1. Fachsemester,Universität Augsburg,4675,2023/24
insgesamt,"Rechts-, Wirtschafts- und Sozialwisschenschaft",Universität Augsburg,8466,2013/14
insgesamt,"Rechts-, Wirtschafts- und Sozialwisschenschaft",Universität Augsburg,7830,2012/13
insgesamt,"Rechts-, Wirtschafts- und Sozialwisschenschaft",Universität Augsburg,7314,2011/12
insgesamt,"Rechts-, Wirtschafts- und Sozialwisschenschaft",Universität Augsburg,9732,2016/17
insgesamt,"Rechts-, Wirtschafts- und Sozialwisschenschaft",Universität Augsburg,9605,2015/16
insgesamt,"Rechts-, Wirtschafts- und Sozialwisschenschaft",Universität Augsburg,8610,2014/15
insgesamt,"Rechts-, Wirtschafts- und Sozialwisschenschaft",Universität Augsburg,6504,2010/11
insgesamt,"Rechts-, Wirtschafts- und Sozialwisschenschaft",Universität Augsburg,9684,2017/18
insgesamt,"Rechts-, Wirtschafts- und Sozialwisschenschaft",Universität Augsburg,9449,2018/19
insgesamt,"Rechts-, Wirtschafts- und Sozialwisschenschaft",Universität Augsburg,9189,2019/20
insgesamt,"Rechts-, Wirtschafts- und Sozialwisschenschaft",Universität Augsburg,7042,1990/91
insgesamt,"Rechts-, Wirtschafts- und Sozialwisschenschaft",Universität Augsburg,7765,1991/92
insgesamt,"Rechts-, Wirtschafts- und Sozialwisschenschaft",Universität Augsburg,8206,1992/93
insgesamt,"Rechts-, Wirtschafts- und Sozialwisschenschaft",Universität Augsburg,8013,1993/94
insgesamt,"Rechts-, Wirtschafts- und Sozialwisschenschaft",Universität Augsburg,7710,1994/95
insgesamt,"Rechts-, Wirtschafts- und Sozialwisschenschaft",Universität Augsburg,7284,1995/96
insgesamt,"Rechts-, Wirtschafts- und Sozialwisschenschaft",Universität Augsburg,6651,1996/97
insgesamt,"Rechts-, Wirtschafts- und Sozialwisschenschaft",Universität Augsburg,6507,1997/98
insgesamt,"Rechts-, Wirtschafts- und Sozialwisschenschaft",Universität Augsburg,6272,1998/99
insgesamt,"Rechts-, Wirtschafts- und Sozialwisschenschaft",Universität Augsburg,5820,1999/00
insgesamt,"Rechts-, Wirtschafts- und Sozialwisschenschaft",Universität Augsburg,5774,2000/01
insgesamt,"Rechts-, Wirtschafts- und Sozialwisschenschaft",Universität Augsburg,5929,2001/02
insgesamt,"Rechts-, Wirtschafts- und Sozialwisschenschaft",Universität Augsburg,6261,2002/03
insgesamt,"Rechts-, Wirtschafts- und Sozialwisschenschaft",Universität Augsburg,6470,2003/04
insgesamt,"Rechts-, Wirtschafts- und Sozialwisschenschaft",Universität Augsburg,6452,2004/05
insgesamt,"Rechts-, Wirtschafts- und Sozialwisschenschaft",Universität Augsburg,5945,2005/06
insgesamt,"Rechts-, Wirtschafts- und Sozialwisschenschaft",Universität Augsburg,5689,2006/07
insgesamt,"Rechts-, Wirtschafts- und Sozialwisschenschaft",Universität Augsburg,5663,2007/08
insgesamt,"Rechts-, Wirtschafts- und Sozialwisschenschaft",Universität Augsburg,5810,2008/09
insgesamt,"Rechts-, Wirtschafts- und Sozialwisschenschaft",Universität Augsburg,6247,2009/10
insgesamt,"Rechts-, Wirtschafts- und Sozialwisschenschaft",Universität Augsburg,9140,2021/22
insgesamt,"Rechts-, Wirtschafts- und Sozialwisschenschaft",Universität Augsburg,9418,2020/21
insgesamt,"Rechts-, Wirtschafts- und Sozialwisschenschaft",Universität Augsburg,8569,2022/23
insgesamt,"Rechts-, Wirtschafts- und Sozialwisschenschaft",Universität Augsburg,8376,2023/24
männlich,"Rechts-, Wirtschafts- und Sozialwisschenschaft",Universität Augsburg,4156,2013/14
männlich,"Rechts-, Wirtschafts- und Sozialwisschenschaft",Universität Augsburg,3804,2012/13
männlich,"Rechts-, Wirtschafts- und Sozialwisschenschaft",Universität Augsburg,3541,2011/12
männlich,"Rechts-, Wirtschafts- und Sozialwisschenschaft",Universität Augsburg,4332,2016/17
männlich,"Rechts-, Wirtschafts- und Sozialwisschenschaft",Universität Augsburg,4284,2015/16
männlich,"Rechts-, Wirtschafts- und Sozialwisschenschaft",Universität Augsburg,4194,2014/15
männlich,"Rechts-, Wirtschafts- und Sozialwisschenschaft",Universität Augsburg,3118,2010/11
männlich,"Rechts-, Wirtschafts- und Sozialwisschenschaft",Universität Augsburg,4317,2017/18
männlich,"Rechts-, Wirtschafts- und Sozialwisschenschaft",Universität Augsburg,4143,2018/19
männlich,"Rechts-, Wirtschafts- und Sozialwisschenschaft",Universität Augsburg,4063,2019/20
männlich,"Rechts-, Wirtschafts- und Sozialwisschenschaft",Universität Augsburg,4279,1990/91
männlich,"Rechts-, Wirtschafts- und Sozialwisschenschaft",Universität Augsburg,4709,1991/92
männlich,"Rechts-, Wirtschafts- und Sozialwisschenschaft",Universität Augsburg,5005,1992/93
männlich,"Rechts-, Wirtschafts- und Sozialwisschenschaft",Universität Augsburg,4898,1993/94
männlich,"Rechts-, Wirtschafts- und Sozialwisschenschaft",Universität Augsburg,4757,1994/95
männlich,"Rechts-, Wirtschafts- und Sozialwisschenschaft",Universität Augsburg,4457,1995/96
männlich,"Rechts-, Wirtschafts- und Sozialwisschenschaft",Universität Augsburg,4066,1996/97
männlich,"Rechts-, Wirtschafts- und Sozialwisschenschaft",Universität Augsburg,3933,1997/98
männlich,"Rechts-, Wirtschafts- und Sozialwisschenschaft",Universität Augsburg,3755,1998/99
männlich,"Rechts-, Wirtschafts- und Sozialwisschenschaft",Universität Augsburg,3413,1999/00
männlich,"Rechts-, Wirtschafts- und Sozialwisschenschaft",Universität Augsburg,3256,2000/01
männlich,"Rechts-, Wirtschafts- und Sozialwisschenschaft",Universität Augsburg,3241,2001/02
männlich,"Rechts-, Wirtschafts- und Sozialwisschenschaft",Universität Augsburg,3269,2002/03
männlich,"Rechts-, Wirtschafts- und Sozialwisschenschaft",Universität Augsburg,3371,2003/04
männlich,"Rechts-, Wirtschafts- und Sozialwisschenschaft",Universität Augsburg,3268,2004/05
männlich,"Rechts-, Wirtschafts- und Sozialwisschenschaft",Universität Augsburg,2959,2005/06
männlich,"Rechts-, Wirtschafts- und Sozialwisschenschaft",Universität Augsburg,2846,2006/07
männlich,"Rechts-, Wirtschafts- und Sozialwisschenschaft",Universität Augsburg,2756,2007/08
männlich,"Rechts-, Wirtschafts- und Sozialwisschenschaft",Universität Augsburg,2832,2008/09
männlich,"Rechts-, Wirtschafts- und Sozialwisschenschaft",Universität Augsburg,3003,2009/10
männlich,"Rechts-, Wirtschafts- und Sozialwisschenschaft",Universität Augsburg,3968,2021/22
männlich,"Rechts-, Wirtschafts- und Sozialwisschenschaft",Universität Augsburg,4157,2020/21
männlich,"Rechts-, Wirtschafts- und Sozialwisschenschaft",Universität Augsburg,3677,2022/23
männlich,"Rechts-, Wirtschafts- und Sozialwisschenschaft",Universität Augsburg,3593,2023/24
weiblich,"Rechts-, Wirtschafts- und Sozialwisschenschaft",Universität Augsburg,4310,2013/14
weiblich,"Rechts-, Wirtschafts- und Sozialwisschenschaft",Universität Augsburg,4026,2012/13
weiblich,"Rechts-, Wirtschafts- und Sozialwisschenschaft",Universität Augsburg,3773,2011/12
weiblich,"Rechts-, Wirtschafts- und Sozialwisschenschaft",Universität Augsburg,5400,2016/17
weiblich,"Rechts-, Wirtschafts- und Sozialwisschenschaft",Universität Augsburg,5321,2015/16
weiblich,"Rechts-, Wirtschafts- und Sozialwisschenschaft",Universität Augsburg,4416,2014/15
weiblich,"Rechts-, Wirtschafts- und Sozialwisschenschaft",Universität Augsburg,3386,2010/11
weiblich,"Rechts-, Wirtschafts- und Sozialwisschenschaft",Universität Augsburg,5367,2017/18
weiblich,"Rechts-, Wirtschafts- und Sozialwisschenschaft",Universität Augsburg,5306,2018/19
weiblich,"Rechts-, Wirtschafts- und Sozialwisschenschaft",Universität Augsburg,5126,2019/20
weiblich,"Rechts-, Wirtschafts- und Sozialwisschenschaft",Universität Augsburg,2763,1990/91
weiblich,"Rechts-, Wirtschafts- und Sozialwisschenschaft",Universität Augsburg,3056,1991/92
weiblich,"Rechts-, Wirtschafts- und Sozialwisschenschaft",Universität Augsburg,3201,1992/93
weiblich,"Rechts-, Wirtschafts- und Sozialwisschenschaft",Universität Augsburg,3115,1993/94
weiblich,"Rechts-, Wirtschafts- und Sozialwisschenschaft",Universität Augsburg,2953,1994/95
weiblich,"Rechts-, Wirtschafts- und Sozialwisschenschaft",Universität Augsburg,2827,1995/96
weiblich,"Rechts-, Wirtschafts- und Sozialwisschenschaft",Universität Augsburg,2585,1996/97
weiblich,"Rechts-, Wirtschafts- und Sozialwisschenschaft",Universität Augsburg,2574,1997/98
weiblich,"Rechts-, Wirtschafts- und Sozialwisschenschaft",Universität Augsburg,2517,1998/99
weiblich,"Rechts-, Wirtschafts- und Sozialwisschenschaft",Universität Augsburg,2407,1999/00
weiblich,"Rechts-, Wirtschafts- und Sozialwisschenschaft",Universität Augsburg,2518,2000/01
weiblich,"Rechts-, Wirtschafts- und Sozialwisschenschaft",Universität Augsburg,2688,2001/02
weiblich,"Rechts-, Wirtschafts- und Sozialwisschenschaft",Universität Augsburg,2992,2002/03
weiblich,"Rechts-, Wirtschafts- und Sozialwisschenschaft",Universität Augsburg,3099,2003/04
weiblich,"Rechts-, Wirtschafts- und Sozialwisschenschaft",Universität Augsburg,3184,2004/05
weiblich,"Rechts-, Wirtschafts- und Sozialwisschenschaft",Universität Augsburg,2986,2005/06
weiblich,"Rechts-, Wirtschafts- und Sozialwisschenschaft",Universität Augsburg,2843,2006/07
weiblich,"Rechts-, Wirtschafts- und Sozialwisschenschaft",Universität Augsburg,2907,2007/08
weiblich,"Rechts-, Wirtschafts- und Sozialwisschenschaft",Universität Augsburg,2978,2008/09
weiblich,"Rechts-, Wirtschafts- und Sozialwisschenschaft",Universität Augsburg,3244,2009/10
weiblich,"Rechts-, Wirtschafts- und Sozialwisschenschaft",Universität Augsburg,5172,2021/22
weiblich,"Rechts-, Wirtschafts- und Sozialwisschenschaft",Universität Augsburg,5261,2020/21
weiblich,"Rechts-, Wirtschafts- und Sozialwisschenschaft",Universität Augsburg,4892,2022/23
weiblich,"Rechts-, Wirtschafts- und Sozialwisschenschaft",Universität Augsburg,4783,2023/24
Deutsche,"Rechts-, Wirtschafts- und Sozialwisschenschaft",Universität Augsburg,7695,2013/14
Deutsche,"Rechts-, Wirtschafts- und Sozialwisschenschaft",Universität Augsburg,7146,2012/13
Deutsche,"Rechts-, Wirtschafts- und Sozialwisschenschaft",Universität Augsburg,6654,2011/12
Deutsche,"Rechts-, Wirtschafts- und Sozialwisschenschaft",Universität Augsburg,8823,2016/17
Deutsche,"Rechts-, Wirtschafts- und Sozialwisschenschaft",Universität Augsburg,8750,2015/16
Deutsche,"Rechts-, Wirtschafts- und Sozialwisschenschaft",Universität Augsburg,7824,2014/15
Deutsche,"Rechts-, Wirtschafts- und Sozialwisschenschaft",Universität Augsburg,5832,2010/11
Deutsche,"Rechts-, Wirtschafts- und Sozialwisschenschaft",Universität Augsburg,8777,2017/18
Deutsche,"Rechts-, Wirtschafts- und Sozialwisschenschaft",Universität Augsburg,8587,2018/19
Deutsche,"Rechts-, Wirtschafts- und Sozialwisschenschaft",Universität Augsburg,8368,2019/20
Deutsche,"Rechts-, Wirtschafts- und Sozialwisschenschaft",Universität Augsburg,6723,1990/91
Deutsche,"Rechts-, Wirtschafts- und Sozialwisschenschaft",Universität Augsburg,7398,1991/92
Deutsche,"Rechts-, Wirtschafts- und Sozialwisschenschaft",Universität Augsburg,7746,1992/93
Deutsche,"Rechts-, Wirtschafts- und Sozialwisschenschaft",Universität Augsburg,7502,1993/94
Deutsche,"Rechts-, Wirtschafts- und Sozialwisschenschaft",Universität Augsburg,7181,1994/95
Deutsche,"Rechts-, Wirtschafts- und Sozialwisschenschaft",Universität Augsburg,6796,1995/96
Deutsche,"Rechts-, Wirtschafts- und Sozialwisschenschaft",Universität Augsburg,6186,1996/97
Deutsche,"Rechts-, Wirtschafts- und Sozialwisschenschaft",Universität Augsburg,5968,1997/98
Deutsche,"Rechts-, Wirtschafts- und Sozialwisschenschaft",Universität Augsburg,5702,1998/99
Deutsche,"Rechts-, Wirtschafts- und Sozialwisschenschaft",Universität Augsburg,5256,1999/00
Deutsche,"Rechts-, Wirtschafts- und Sozialwisschenschaft",Universität Augsburg,5160,2000/01
Deutsche,"Rechts-, Wirtschafts- und Sozialwisschenschaft",Universität Augsburg,5215,2001/02
Deutsche,"Rechts-, Wirtschafts- und Sozialwisschenschaft",Universität Augsburg,5469,2002/03
Deutsche,"Rechts-, Wirtschafts- und Sozialwisschenschaft",Universität Augsburg,5658,2003/04
Deutsche,"Rechts-, Wirtschafts- und Sozialwisschenschaft",Universität Augsburg,5621,2004/05
Deutsche,"Rechts-, Wirtschafts- und Sozialwisschenschaft",Universität Augsburg,5144,2005/06
Deutsche,"Rechts-, Wirtschafts- und Sozialwisschenschaft",Universität Augsburg,4932,2006/07
Deutsche,"Rechts-, Wirtschafts- und Sozialwisschenschaft",Universität Augsburg,4965,2007/08
Deutsche,"Rechts-, Wirtschafts- und Sozialwisschenschaft",Universität Augsburg,5122,2008/09
Deutsche,"Rechts-, Wirtschafts- und Sozialwisschenschaft",Universität Augsburg,5608,2009/10
Deutsche,"Rechts-, Wirtschafts- und Sozialwisschenschaft",Universität Augsburg,8424,2021/22
Deutsche,"Rechts-, Wirtschafts- und Sozialwisschenschaft",Universität Augsburg,8700,2020/21
Deutsche,"Rechts-, Wirtschafts- und Sozialwisschenschaft",Universität Augsburg,7892,2022/23
Deutsche,"Rechts-, Wirtschafts- und Sozialwisschenschaft",Universität Augsburg,7729,2023/24
Ausländer,"Rechts-, Wirtschafts- und Sozialwisschenschaft",Universität Augsburg,771,2013/14
Ausländer,"Rechts-, Wirtschafts- und Sozialwisschenschaft",Universität Augsburg,684,2012/13
Ausländer,"Rechts-, Wirtschafts- und Sozialwisschenschaft",Universität Augsburg,660,2011/12
Ausländer,"Rechts-, Wirtschafts- und Sozialwisschenschaft",Universität Augsburg,909,2016/17
Ausländer,"Rechts-, Wirtschafts- und Sozialwisschenschaft",Universität Augsburg,855,2015/16
Ausländer,"Rechts-, Wirtschafts- und Sozialwisschenschaft",Universität Augsburg,786,2014/15
Ausländer,"Rechts-, Wirtschafts- und Sozialwisschenschaft",Universität Augsburg,672,2010/11
Ausländer,"Rechts-, Wirtschafts- und Sozialwisschenschaft",Universität Augsburg,907,2017/18
Ausländer,"Rechts-, Wirtschafts- und Sozialwisschenschaft",Universität Augsburg,862,2018/19
Ausländer,"Rechts-, Wirtschafts- und Sozialwisschenschaft",Universität Augsburg,821,2019/20
Ausländer,"Rechts-, Wirtschafts- und Sozialwisschenschaft",Universität Augsburg,319,1990/91
Ausländer,"Rechts-, Wirtschafts- und Sozialwisschenschaft",Universität Augsburg,367,1991/92
Ausländer,"Rechts-, Wirtschafts- und Sozialwisschenschaft",Universität Augsburg,460,1992/93
Ausländer,"Rechts-, Wirtschafts- und Sozialwisschenschaft",Universität Augsburg,511,1993/94
Ausländer,"Rechts-, Wirtschafts- und Sozialwisschenschaft",Universität Augsburg,529,1994/95
Ausländer,"Rechts-, Wirtschafts- und Sozialwisschenschaft",Universität Augsburg,488,1995/96
Ausländer,"Rechts-, Wirtschafts- und Sozialwisschenschaft",Universität Augsburg,465,1996/97
Ausländer,"Rechts-, Wirtschafts- und Sozialwisschenschaft",Universität Augsburg,539,1997/98
Ausländer,"Rechts-, Wirtschafts- und Sozialwisschenschaft",Universität Augsburg,570,1998/99
Ausländer,"Rechts-, Wirtschafts- und Sozialwisschenschaft",Universität Augsburg,564,1999/00
Ausländer,"Rechts-, Wirtschafts- und Sozialwisschenschaft",Universität Augsburg,614,2000/01
Ausländer,"Rechts-, Wirtschafts- und Sozialwisschenschaft",Universität Augsburg,714,2001/02
Ausländer,"Rechts-, Wirtschafts- und Sozialwisschenschaft",Universität Augsburg,792,2002/03
Ausländer,"Rechts-, Wirtschafts- und Sozialwisschenschaft",Universität Augsburg,812,2003/04
Ausländer,"Rechts-, Wirtschafts- und Sozialwisschenschaft",Universität Augsburg,831,2004/05
Ausländer,"Rechts-, Wirtschafts- und Sozialwisschenschaft",Universität Augsburg,801,2005/06
Ausländer,"Rechts-, Wirtschafts- und Sozialwisschenschaft",Universität Augsburg,757,2006/07
Ausländer,"Rechts-, Wirtschafts- und Sozialwisschenschaft",Universität Augsburg,698,2007/08
Ausländer,"Rechts-, Wirtschafts- und Sozialwisschenschaft",Universität Augsburg,688,2008/09
Ausländer,"Rechts-, Wirtschafts- und Sozialwisschenschaft",Universität Augsburg,639,2009/10
Ausländer,"Rechts-, Wirtschafts- und Sozialwisschenschaft",Universität Augsburg,716,2021/22
Ausländer,"Rechts-, Wirtschafts- und Sozialwisschenschaft",Universität Augsburg,718,2020/21
Ausländer,"Rechts-, Wirtschafts- und Sozialwisschenschaft",Universität Augsburg,677,2022/23
Ausländer,"Rechts-, Wirtschafts- und Sozialwisschenschaft",Universität Augsburg,647,2023/24
insgesamt,Geisteswissenschaft,Universität Augsburg,5611,2013/14
insgesamt,Geisteswissenschaft,Universität Augsburg,5391,2012/13
insgesamt,Geisteswissenschaft,Universität Augsburg,5241,2011/12
insgesamt,Geisteswissenschaft,Universität Augsburg,5121,2010/11
insgesamt,Geisteswissenschaft,Universität Augsburg,4806,2016/17
insgesamt,Geisteswissenschaft,Universität Augsburg,4868,2015/16
insgesamt,Geisteswissenschaft,Universität Augsburg,5551,2014/15
insgesamt,Geisteswissenschaft,Universität Augsburg,4765,2017/18
insgesamt,Geisteswissenschaft,Universität Augsburg,4829,2018/19
insgesamt,Geisteswissenschaft,Universität Augsburg,4728,2019/20
insgesamt,Geisteswissenschaft,Universität Augsburg,1808,1990/91
insgesamt,Geisteswissenschaft,Universität Augsburg,1983,1991/92
insgesamt,Geisteswissenschaft,Universität Augsburg,2212,1992/93
insgesamt,Geisteswissenschaft,Universität Augsburg,2341,1993/94
insgesamt,Geisteswissenschaft,Universität Augsburg,2411,1994/95
insgesamt,Geisteswissenschaft,Universität Augsburg,2455,1995/96
insgesamt,Geisteswissenschaft,Universität Augsburg,2367,1996/97
insgesamt,Geisteswissenschaft,Universität Augsburg,2375,1997/98
insgesamt,Geisteswissenschaft,Universität Augsburg,2450,1998/99
insgesamt,Geisteswissenschaft,Universität Augsburg,2164,1999/00
insgesamt,Geisteswissenschaft,Universität Augsburg,2312,2000/01
insgesamt,Geisteswissenschaft,Universität Augsburg,2361,2001/02
insgesamt,Geisteswissenschaft,Universität Augsburg,2592,2002/03
insgesamt,Geisteswissenschaft,Universität Augsburg,2861,2003/04
insgesamt,Geisteswissenschaft,Universität Augsburg,2958,2004/05
insgesamt,Geisteswissenschaft,Universität Augsburg,2860,2005/06
insgesamt,Geisteswissenschaft,Universität Augsburg,2696,2006/07
insgesamt,Geisteswissenschaft,Universität Augsburg,5004,2007/08
insgesamt,Geisteswissenschaft,Universität Augsburg,4676,2008/09
insgesamt,Geisteswissenschaft,Universität Augsburg,4866,2009/10
insgesamt,Geisteswissenschaft,Universität Augsburg,5052,2021/22
insgesamt,Geisteswissenschaft,Universität Augsburg,4974,2020/21
insgesamt,Geisteswissenschaft,Universität Augsburg,4829,2022/23
insgesamt,Geisteswissenschaft,Universität Augsburg,4618,2023/24
männlich,Geisteswissenschaft,Universität Augsburg,1372,2013/14
männlich,Geisteswissenschaft,Universität Augsburg,1328,2012/13
männlich,Geisteswissenschaft,Universität Augsburg,1319,2011/12
männlich,Geisteswissenschaft,Universität Augsburg,1309,2010/11
männlich,Geisteswissenschaft,Universität Augsburg,1278,2016/17
männlich,Geisteswissenschaft,Universität Augsburg,1307,2015/16
männlich,Geisteswissenschaft,Universität Augsburg,1362,2014/15
männlich,Geisteswissenschaft,Universität Augsburg,1260,2017/18
männlich,Geisteswissenschaft,Universität Augsburg,1268,2018/19
männlich,Geisteswissenschaft,Universität Augsburg,1276,2019/20
männlich,Geisteswissenschaft,Universität Augsburg,804,1990/91
männlich,Geisteswissenschaft,Universität Augsburg,875,1991/92
männlich,Geisteswissenschaft,Universität Augsburg,962,1992/93
männlich,Geisteswissenschaft,Universität Augsburg,981,1993/94
männlich,Geisteswissenschaft,Universität Augsburg,970,1994/95
männlich,Geisteswissenschaft,Universität Augsburg,958,1995/96
männlich,Geisteswissenschaft,Universität Augsburg,905,1996/97
männlich,Geisteswissenschaft,Universität Augsburg,869,1997/98
männlich,Geisteswissenschaft,Universität Augsburg,864,1998/99
männlich,Geisteswissenschaft,Universität Augsburg,662,1999/00
männlich,Geisteswissenschaft,Universität Augsburg,642,2000/01
männlich,Geisteswissenschaft,Universität Augsburg,683,2001/02
männlich,Geisteswissenschaft,Universität Augsburg,723,2002/03
männlich,Geisteswissenschaft,Universität Augsburg,794,2003/04
männlich,Geisteswissenschaft,Universität Augsburg,805,2004/05
männlich,Geisteswissenschaft,Universität Augsburg,778,2005/06
männlich,Geisteswissenschaft,Universität Augsburg,741,2006/07
männlich,Geisteswissenschaft,Universität Augsburg,1352,2007/08
männlich,Geisteswissenschaft,Universität Augsburg,1262,2008/09
männlich,Geisteswissenschaft,Universität Augsburg,1292,2009/10
männlich,Geisteswissenschaft,Universität Augsburg,1380,2021/22
männlich,Geisteswissenschaft,Universität Augsburg,1327,2020/21
männlich,Geisteswissenschaft,Universität Augsburg,1348,2022/23
männlich,Geisteswissenschaft,Universität Augsburg,1294,2023/24
weiblich,Geisteswissenschaft,Universität Augsburg,4239,2013/14
weiblich,Geisteswissenschaft,Universität Augsburg,4063,2012/13
weiblich,Geisteswissenschaft,Universität Augsburg,3922,2011/12
weiblich,Geisteswissenschaft,Universität Augsburg,3812,2010/11
weiblich,Geisteswissenschaft,Universität Augsburg,3528,2016/17
weiblich,Geisteswissenschaft,Universität Augsburg,3561,2015/16
weiblich,Geisteswissenschaft,Universität Augsburg,4189,2014/15
weiblich,Geisteswissenschaft,Universität Augsburg,3505,2017/18
weiblich,Geisteswissenschaft,Universität Augsburg,3561,2018/19
weiblich,Geisteswissenschaft,Universität Augsburg,3452,2019/20
weiblich,Geisteswissenschaft,Universität Augsburg,1004,1990/91
weiblich,Geisteswissenschaft,Universität Augsburg,1108,1991/92
weiblich,Geisteswissenschaft,Universität Augsburg,1250,1992/93
weiblich,Geisteswissenschaft,Universität Augsburg,1360,1993/94
weiblich,Geisteswissenschaft,Universität Augsburg,1441,1994/95
weiblich,Geisteswissenschaft,Universität Augsburg,1497,1995/96
weiblich,Geisteswissenschaft,Universität Augsburg,1462,1996/97
weiblich,Geisteswissenschaft,Universität Augsburg,1506,1997/98
weiblich,Geisteswissenschaft,Universität Augsburg,1586,1998/99
weiblich,Geisteswissenschaft,Universität Augsburg,1502,1999/00
weiblich,Geisteswissenschaft,Universität Augsburg,1670,2000/01
weiblich,Geisteswissenschaft,Universität Augsburg,1678,2001/02
weiblich,Geisteswissenschaft,Universität Augsburg,1869,2002/03
weiblich,Geisteswissenschaft,Universität Augsburg,2067,2003/04
weiblich,Geisteswissenschaft,Universität Augsburg,2153,2004/05
weiblich,Geisteswissenschaft,Universität Augsburg,2082,2005/06
weiblich,Geisteswissenschaft,Universität Augsburg,1955,2006/07
weiblich,Geisteswissenschaft,Universität Augsburg,3652,2007/08
weiblich,Geisteswissenschaft,Universität Augsburg,3414,2008/09
weiblich,Geisteswissenschaft,Universität Augsburg,3574,2009/10
weiblich,Geisteswissenschaft,Universität Augsburg,3672,2021/22
weiblich,Geisteswissenschaft,Universität Augsburg,3647,2020/21
weiblich,Geisteswissenschaft,Universität Augsburg,3481,2022/23
weiblich,Geisteswissenschaft,Universität Augsburg,3324,2023/24
Deutsche,Geisteswissenschaft,Universität Augsburg,5088,2013/14
Deutsche,Geisteswissenschaft,Universität Augsburg,4913,2012/13
Deutsche,Geisteswissenschaft,Universität Augsburg,4768,2011/12
Deutsche,Geisteswissenschaft,Universität Augsburg,4664,2010/11
Deutsche,Geisteswissenschaft,Universität Augsburg,4324,2016/17
Deutsche,Geisteswissenschaft,Universität Augsburg,4371,2015/16
Deutsche,Geisteswissenschaft,Universität Augsburg,5060,2014/15
Deutsche,Geisteswissenschaft,Universität Augsburg,4287,2017/18
Deutsche,Geisteswissenschaft,Universität Augsburg,4362,2018/19
Deutsche,Geisteswissenschaft,Universität Augsburg,4285,2019/20
Deutsche,Geisteswissenschaft,Universität Augsburg,1593,1990/91
Deutsche,Geisteswissenschaft,Universität Augsburg,1718,1991/92
Deutsche,Geisteswissenschaft,Universität Augsburg,1925,1992/93
Deutsche,Geisteswissenschaft,Universität Augsburg,2018,1993/94
Deutsche,Geisteswissenschaft,Universität Augsburg,2085,1994/95
Deutsche,Geisteswissenschaft,Universität Augsburg,2123,1995/96
Deutsche,Geisteswissenschaft,Universität Augsburg,2037,1996/97
Deutsche,Geisteswissenschaft,Universität Augsburg,2028,1997/98
Deutsche,Geisteswissenschaft,Universität Augsburg,2098,1998/99
Deutsche,Geisteswissenschaft,Universität Augsburg,1783,1999/00
Deutsche,Geisteswissenschaft,Universität Augsburg,1902,2000/01
Deutsche,Geisteswissenschaft,Universität Augsburg,1921,2001/02
Deutsche,Geisteswissenschaft,Universität Augsburg,2075,2002/03
Deutsche,Geisteswissenschaft,Universität Augsburg,2246,2003/04
Deutsche,Geisteswissenschaft,Universität Augsburg,2291,2004/05
Deutsche,Geisteswissenschaft,Universität Augsburg,2200,2005/06
Deutsche,Geisteswissenschaft,Universität Augsburg,2060,2006/07
Deutsche,Geisteswissenschaft,Universität Augsburg,4438,2007/08
Deutsche,Geisteswissenschaft,Universität Augsburg,4184,2008/09
Deutsche,Geisteswissenschaft,Universität Augsburg,4385,2009/10
Deutsche,Geisteswissenschaft,Universität Augsburg,4609,2021/22
Deutsche,Geisteswissenschaft,Universität Augsburg,4555,2020/21
Deutsche,Geisteswissenschaft,Universität Augsburg,4420,2022/23
Deutsche,Geisteswissenschaft,Universität Augsburg,4249,2023/24
Ausländer,Geisteswissenschaft,Universität Augsburg,523,2013/14
Ausländer,Geisteswissenschaft,Universität Augsburg,478,2012/13
Ausländer,Geisteswissenschaft,Universität Augsburg,473,2011/12
Ausländer,Geisteswissenschaft,Universität Augsburg,457,2010/11
Ausländer,Geisteswissenschaft,Universität Augsburg,482,2016/17
Ausländer,Geisteswissenschaft,Universität Augsburg,497,2015/16
Ausländer,Geisteswissenschaft,Universität Augsburg,491,2014/15
Ausländer,Geisteswissenschaft,Universität Augsburg,478,2017/18
Ausländer,Geisteswissenschaft,Universität Augsburg,467,2018/19
Ausländer,Geisteswissenschaft,Universität Augsburg,443,2019/20
Ausländer,Geisteswissenschaft,Universität Augsburg,215,1990/91
Ausländer,Geisteswissenschaft,Universität Augsburg,265,1991/92
Ausländer,Geisteswissenschaft,Universität Augsburg,287,1992/93
Ausländer,Geisteswissenschaft,Universität Augsburg,323,1993/94
Ausländer,Geisteswissenschaft,Universität Augsburg,326,1994/95
Ausländer,Geisteswissenschaft,Universität Augsburg,332,1995/96
Ausländer,Geisteswissenschaft,Universität Augsburg,330,1996/97
Ausländer,Geisteswissenschaft,Universität Augsburg,347,1997/98
Ausländer,Geisteswissenschaft,Universität Augsburg,352,1998/99
Ausländer,Geisteswissenschaft,Universität Augsburg,381,1999/00
Ausländer,Geisteswissenschaft,Universität Augsburg,410,2000/01
Ausländer,Geisteswissenschaft,Universität Augsburg,440,2001/02
Ausländer,Geisteswissenschaft,Universität Augsburg,517,2002/03
Ausländer,Geisteswissenschaft,Universität Augsburg,615,2003/04
Ausländer,Geisteswissenschaft,Universität Augsburg,667,2004/05
Ausländer,Geisteswissenschaft,Universität Augsburg,660,2005/06
Ausländer,Geisteswissenschaft,Universität Augsburg,636,2006/07
Ausländer,Geisteswissenschaft,Universität Augsburg,566,2007/08
Ausländer,Geisteswissenschaft,Universität Augsburg,492,2008/09
Ausländer,Geisteswissenschaft,Universität Augsburg,481,2009/10
Ausländer,Geisteswissenschaft,Universität Augsburg,443,2021/22
Ausländer,Geisteswissenschaft,Universität Augsburg,419,2020/21
Ausländer,Geisteswissenschaft,Universität Augsburg,409,2022/23
Ausländer,Geisteswissenschaft,Universität Augsburg,369,2023/24
insgesamt,"Mathematik, Naturwissens., Ingenieurw.",Universität Augsburg,991,1990/91
insgesamt,"Mathematik, Naturwissens., Ingenieurw.",Universität Augsburg,1133,1991/92
insgesamt,"Mathematik, Naturwissens., Ingenieurw.",Universität Augsburg,1233,1992/93
insgesamt,"Mathematik, Naturwissens., Ingenieurw.",Universität Augsburg,1205,1993/94
insgesamt,"Mathematik, Naturwissens., Ingenieurw.",Universität Augsburg,1213,1994/95
insgesamt,"Mathematik, Naturwissens., Ingenieurw.",Universität Augsburg,1141,1995/96
insgesamt,"Mathematik, Naturwissens., Ingenieurw.",Universität Augsburg,1063,1996/97
insgesamt,"Mathematik, Naturwissens., Ingenieurw.",Universität Augsburg,998,1997/98
insgesamt,"Mathematik, Naturwissens., Ingenieurw.",Universität Augsburg,923,1998/99
insgesamt,"Mathematik, Naturwissens., Ingenieurw.",Universität Augsburg,687,1999/00
insgesamt,"Mathematik, Naturwissens., Ingenieurw.",Universität Augsburg,896,2000/01
insgesamt,"Mathematik, Naturwissens., Ingenieurw.",Universität Augsburg,1108,2001/02
insgesamt,"Mathematik, Naturwissens., Ingenieurw.",Universität Augsburg,1464,2002/03
insgesamt,"Mathematik, Naturwissens., Ingenieurw.",Universität Augsburg,1763,2003/04
insgesamt,"Mathematik, Naturwissens., Ingenieurw.",Universität Augsburg,1960,2004/05
insgesamt,"Mathematik, Naturwissens., Ingenieurw.",Universität Augsburg,1947,2005/06
insgesamt,"Mathematik, Naturwissens., Ingenieurw.",Universität Augsburg,1950,2006/07
insgesamt,"Mathematik, Naturwissens., Ingenieurw.",Universität Augsburg,2620,2007/08
insgesamt,"Mathematik, Naturwissens., Ingenieurw.",Universität Augsburg,2681,2008/09
insgesamt,"Mathematik, Naturwissens., Ingenieurw.",Universität Augsburg,2822,2009/10
insgesamt,"Mathematik, Naturwissens., Ingenieurw.",Universität Augsburg,3136,2010/11
insgesamt,"Mathematik, Naturwissens., Ingenieurw.",Universität Augsburg,3718,2011/12
insgesamt,"Mathematik, Naturwissens., Ingenieurw.",Universität Augsburg,3749,2012/13
insgesamt,"Mathematik, Naturwissens., Ingenieurw.",Universität Augsburg,4094,2013/14
insgesamt,"Mathematik, Naturwissens., Ingenieurw.",Universität Augsburg,4313,2014/15
insgesamt,"Mathematik, Naturwissens., Ingenieurw.",Universität Augsburg,4455,2015/16
insgesamt,"Mathematik, Naturwissens., Ingenieurw.",Universität Augsburg,4532,2016/17
insgesamt,"Mathematik, Naturwissens., Ingenieurw.",Universität Augsburg,4630,2017/18
insgesamt,"Mathematik, Naturwissens., Ingenieurw.",Universität Augsburg,4389,2018/19
insgesamt,"Mathematik, Naturwissens., Ingenieurw.",Universität Augsburg,4386,2019/20
insgesamt,"Mathematik, Naturwissens., Ingenieurw.",Universität Augsburg,4449,2020/21
insgesamt,"Mathematik, Naturwissens., Ingenieurw.",Universität Augsburg,4416,2021/22
insgesamt,"Mathematik, Naturwissens., Ingenieurw.",Universität Augsburg,4507,2022/23
insgesamt,"Mathematik, Naturwissens., Ingenieurw.",Universität Augsburg,4350,2023/24
männlich,"Mathematik, Naturwissens., Ingenieurw.",Universität Augsburg,720,1990/91
männlich,"Mathematik, Naturwissens., Ingenieurw.",Universität Augsburg,838,1991/92
männlich,"Mathematik, Naturwissens., Ingenieurw.",Universität Augsburg,895,1992/93
männlich,"Mathematik, Naturwissens., Ingenieurw.",Universität Augsburg,882,1993/94
männlich,"Mathematik, Naturwissens., Ingenieurw.",Universität Augsburg,888,1994/95
männlich,"Mathematik, Naturwissens., Ingenieurw.",Universität Augsburg,829,1995/96
männlich,"Mathematik, Naturwissens., Ingenieurw.",Universität Augsburg,753,1996/97
männlich,"Mathematik, Naturwissens., Ingenieurw.",Universität Augsburg,697,1997/98
männlich,"Mathematik, Naturwissens., Ingenieurw.",Universität Augsburg,630,1998/99
männlich,"Mathematik, Naturwissens., Ingenieurw.",Universität Augsburg,487,1999/00
männlich,"Mathematik, Naturwissens., Ingenieurw.",Universität Augsburg,638,2000/01
männlich,"Mathematik, Naturwissens., Ingenieurw.",Universität Augsburg,806,2001/02
männlich,"Mathematik, Naturwissens., Ingenieurw.",Universität Augsburg,1037,2002/03
männlich,"Mathematik, Naturwissens., Ingenieurw.",Universität Augsburg,1276,2003/04
männlich,"Mathematik, Naturwissens., Ingenieurw.",Universität Augsburg,1428,2004/05
männlich,"Mathematik, Naturwissens., Ingenieurw.",Universität Augsburg,1435,2005/06
männlich,"Mathematik, Naturwissens., Ingenieurw.",Universität Augsburg,1474,2006/07
männlich,"Mathematik, Naturwissens., Ingenieurw.",Universität Augsburg,1654,2007/08
männlich,"Mathematik, Naturwissens., Ingenieurw.",Universität Augsburg,1632,2008/09
männlich,"Mathematik, Naturwissens., Ingenieurw.",Universität Augsburg,1721,2009/10
männlich,"Mathematik, Naturwissens., Ingenieurw.",Universität Augsburg,1913,2010/11
männlich,"Mathematik, Naturwissens., Ingenieurw.",Universität Augsburg,2356,2011/12
männlich,"Mathematik, Naturwissens., Ingenieurw.",Universität Augsburg,2458,2012/13
männlich,"Mathematik, Naturwissens., Ingenieurw.",Universität Augsburg,2682,2013/14
männlich,"Mathematik, Naturwissens., Ingenieurw.",Universität Augsburg,2841,2014/15
männlich,"Mathematik, Naturwissens., Ingenieurw.",Universität Augsburg,2955,2015/16
männlich,"Mathematik, Naturwissens., Ingenieurw.",Universität Augsburg,3021,2016/17
männlich,"Mathematik, Naturwissens., Ingenieurw.",Universität Augsburg,3054,2017/18
männlich,"Mathematik, Naturwissens., Ingenieurw.",Universität Augsburg,2835,2018/19
männlich,"Mathematik, Naturwissens., Ingenieurw.",Universität Augsburg,2752,2019/20
männlich,"Mathematik, Naturwissens., Ingenieurw.",Universität Augsburg,2763,2020/21
männlich,"Mathematik, Naturwissens., Ingenieurw.",Universität Augsburg,2720,2021/22
männlich,"Mathematik, Naturwissens., Ingenieurw.",Universität Augsburg,2770,2022/23
männlich,"Mathematik, Naturwissens., Ingenieurw.",Universität Augsburg,2686,2023/24
weiblich,"Mathematik, Naturwissens., Ingenieurw.",Universität Augsburg,271,1990/91
weiblich,"Mathematik, Naturwissens., Ingenieurw.",Universität Augsburg,295,1991/92
weiblich,"Mathematik, Naturwissens., Ingenieurw.",Universität Augsburg,338,1992/93
weiblich,"Mathematik, Naturwissens., Ingenieurw.",Universität Augsburg,323,1993/94
weiblich,"Mathematik, Naturwissens., Ingenieurw.",Universität Augsburg,325,1994/95
weiblich,"Mathematik, Naturwissens., Ingenieurw.",Universität Augsburg,312,1995/96
weiblich,"Mathematik, Naturwissens., Ingenieurw.",Universität Augsburg,310,1996/97
weiblich,"Mathematik, Naturwissens., Ingenieurw.",Universität Augsburg,301,1997/98
weiblich,"Mathematik, Naturwissens., Ingenieurw.",Universität Augsburg,293,1998/99
weiblich,"Mathematik, Naturwissens., Ingenieurw.",Universität Augsburg,200,1999/00
weiblich,"Mathematik, Naturwissens., Ingenieurw.",Universität Augsburg,258,2000/01
weiblich,"Mathematik, Naturwissens., Ingenieurw.",Universität Augsburg,302,2001/02
weiblich,"Mathematik, Naturwissens., Ingenieurw.",Universität Augsburg,427,2002/03
weiblich,"Mathematik, Naturwissens., Ingenieurw.",Universität Augsburg,487,2003/04
weiblich,"Mathematik, Naturwissens., Ingenieurw.",Universität Augsburg,532,2004/05
weiblich,"Mathematik, Naturwissens., Ingenieurw.",Universität Augsburg,512,2005/06
weiblich,"Mathematik, Naturwissens., Ingenieurw.",Universität Augsburg,476,2006/07
weiblich,"Mathematik, Naturwissens., Ingenieurw.",Universität Augsburg,966,2007/08
weiblich,"Mathematik, Naturwissens., Ingenieurw.",Universität Augsburg,1049,2008/09
weiblich,"Mathematik, Naturwissens., Ingenieurw.",Universität Augsburg,1101,2009/10
weiblich,"Mathematik, Naturwissens., Ingenieurw.",Universität Augsburg,1223,2010/11
weiblich,"Mathematik, Naturwissens., Ingenieurw.",Universität Augsburg,1362,2011/12
weiblich,"Mathematik, Naturwissens., Ingenieurw.",Universität Augsburg,1291,2012/13
weiblich,"Mathematik, Naturwissens., Ingenieurw.",Universität Augsburg,1412,2013/14
weiblich,"Mathematik, Naturwissens., Ingenieurw.",Universität Augsburg,1472,2014/15
weiblich,"Mathematik, Naturwissens., Ingenieurw.",Universität Augsburg,1500,2015/16
weiblich,"Mathematik, Naturwissens., Ingenieurw.",Universität Augsburg,1511,2016/17
weiblich,"Mathematik, Naturwissens., Ingenieurw.",Universität Augsburg,1576,2017/18
weiblich,"Mathematik, Naturwissens., Ingenieurw.",Universität Augsburg,1554,2018/19
weiblich,"Mathematik, Naturwissens., Ingenieurw.",Universität Augsburg,1634,2019/20
weiblich,"Mathematik, Naturwissens., Ingenieurw.",Universität Augsburg,1686,2020/21
weiblich,"Mathematik, Naturwissens., Ingenieurw.",Universität Augsburg,1696,2021/22
weiblich,"Mathematik, Naturwissens., Ingenieurw.",Universität Augsburg,1737,2022/23
weiblich,"Mathematik, Naturwissens., Ingenieurw.",Universität Augsburg,1664,2023/24
Deutsche,"Mathematik, Naturwissens., Ingenieurw.",Universität Augsburg,949,1990/91
Deutsche,"Mathematik, Naturwissens., Ingenieurw.",Universität Augsburg,1089,1991/92
Deutsche,"Mathematik, Naturwissens., Ingenieurw.",Universität Augsburg,1164,1992/93
Deutsche,"Mathematik, Naturwissens., Ingenieurw.",Universität Augsburg,1137,1993/94
Deutsche,"Mathematik, Naturwissens., Ingenieurw.",Universität Augsburg,1145,1994/95
Deutsche,"Mathematik, Naturwissens., Ingenieurw.",Universität Augsburg,1077,1995/96
Deutsche,"Mathematik, Naturwissens., Ingenieurw.",Universität Augsburg,1001,1996/97
Deutsche,"Mathematik, Naturwissens., Ingenieurw.",Universität Augsburg,933,1997/98
Deutsche,"Mathematik, Naturwissens., Ingenieurw.",Universität Augsburg,855,1998/99
Deutsche,"Mathematik, Naturwissens., Ingenieurw.",Universität Augsburg,625,1999/00
Deutsche,"Mathematik, Naturwissens., Ingenieurw.",Universität Augsburg,807,2000/01
Deutsche,"Mathematik, Naturwissens., Ingenieurw.",Universität Augsburg,965,2001/02
Deutsche,"Mathematik, Naturwissens., Ingenieurw.",Universität Augsburg,1216,2002/03
Deutsche,"Mathematik, Naturwissens., Ingenieurw.",Universität Augsburg,1465,2003/04
Deutsche,"Mathematik, Naturwissens., Ingenieurw.",Universität Augsburg,1626,2004/05
Deutsche,"Mathematik, Naturwissens., Ingenieurw.",Universität Augsburg,1621,2005/06
Deutsche,"Mathematik, Naturwissens., Ingenieurw.",Universität Augsburg,1628,2006/07
Deutsche,"Mathematik, Naturwissens., Ingenieurw.",Universität Augsburg,2329,2007/08
Deutsche,"Mathematik, Naturwissens., Ingenieurw.",Universität Augsburg,2397,2008/09
Deutsche,"Mathematik, Naturwissens., Ingenieurw.",Universität Augsburg,2536,2009/10
Deutsche,"Mathematik, Naturwissens., Ingenieurw.",Universität Augsburg,2843,2010/11
Deutsche,"Mathematik, Naturwissens., Ingenieurw.",Universität Augsburg,3406,2011/12
Deutsche,"Mathematik, Naturwissens., Ingenieurw.",Universität Augsburg,3398,2012/13
Deutsche,"Mathematik, Naturwissens., Ingenieurw.",Universität Augsburg,3745,2013/14
Deutsche,"Mathematik, Naturwissens., Ingenieurw.",Universität Augsburg,3930,2014/15
Deutsche,"Mathematik, Naturwissens., Ingenieurw.",Universität Augsburg,4078,2015/16
Deutsche,"Mathematik, Naturwissens., Ingenieurw.",Universität Augsburg,4146,2016/17
Deutsche,"Mathematik, Naturwissens., Ingenieurw.",Universität Augsburg,4229,2017/18
Deutsche,"Mathematik, Naturwissens., Ingenieurw.",Universität Augsburg,4003,2018/19
Deutsche,"Mathematik, Naturwissens., Ingenieurw.",Universität Augsburg,4014,2019/20
Deutsche,"Mathematik, Naturwissens., Ingenieurw.",Universität Augsburg,4057,2020/21
Deutsche,"Mathematik, Naturwissens., Ingenieurw.",Universität Augsburg,4039,2021/22
Deutsche,"Mathematik, Naturwissens., Ingenieurw.",Universität Augsburg,4085,2022/23
Deutsche,"Mathematik, Naturwissens., Ingenieurw.",Universität Augsburg,3864,2023/24
Ausländer,"Mathematik, Naturwissens., Ingenieurw.",Universität Augsburg,42,1990/91
Ausländer,"Mathematik, Naturwissens., Ingenieurw.",Universität Augsburg,44,1991/92
Ausländer,"Mathematik, Naturwissens., Ingenieurw.",Universität Augsburg,69,1992/93
Ausländer,"Mathematik, Naturwissens., Ingenieurw.",Universität Augsburg,68,1993/94
Ausländer,"Mathematik, Naturwissens., Ingenieurw.",Universität Augsburg,68,1994/95
Ausländer,"Mathematik, Naturwissens., Ingenieurw.",Universität Augsburg,64,1995/96
Ausländer,"Mathematik, Naturwissens., Ingenieurw.",Universität Augsburg,62,1996/97
Ausländer,"Mathematik, Naturwissens., Ingenieurw.",Universität Augsburg,65,1997/98
Ausländer,"Mathematik, Naturwissens., Ingenieurw.",Universität Augsburg,68,1998/99
Ausländer,"Mathematik, Naturwissens., Ingenieurw.",Universität Augsburg,62,1999/00
Ausländer,"Mathematik, Naturwissens., Ingenieurw.",Universität Augsburg,89,2000/01
Ausländer,"Mathematik, Naturwissens., Ingenieurw.",Universität Augsburg,143,2001/02
Ausländer,"Mathematik, Naturwissens., Ingenieurw.",Universität Augsburg,248,2002/03
Ausländer,"Mathematik, Naturwissens., Ingenieurw.",Universität Augsburg,298,2003/04
Ausländer,"Mathematik, Naturwissens., Ingenieurw.",Universität Augsburg,334,2004/05
Ausländer,"Mathematik, Naturwissens., Ingenieurw.",Universität Augsburg,326,2005/06
Ausländer,"Mathematik, Naturwissens., Ingenieurw.",Universität Augsburg,322,2006/07
Ausländer,"Mathematik, Naturwissens., Ingenieurw.",Universität Augsburg,291,2007/08
Ausländer,"Mathematik, Naturwissens., Ingenieurw.",Universität Augsburg,284,2008/09
Ausländer,"Mathematik, Naturwissens., Ingenieurw.",Universität Augsburg,286,2009/10
Ausländer,"Mathematik, Naturwissens., Ingenieurw.",Universität Augsburg,293,2010/11
Ausländer,"Mathematik, Naturwissens., Ingenieurw.",Universität Augsburg,312,2011/12
Ausländer,"Mathematik, Naturwissens., Ingenieurw.",Universität Augsburg,351,2012/13
Ausländer,"Mathematik, Naturwissens., Ingenieurw.",Universität Augsburg,349,2013/14
Ausländer,"Mathematik, Naturwissens., Ingenieurw.",Universität Augsburg,383,2014/15
Ausländer,"Mathematik, Naturwissens., Ingenieurw.",Universität Augsburg,377,2015/16
Ausländer,"Mathematik, Naturwissens., Ingenieurw.",Universität Augsburg,386,2016/17
Ausländer,"Mathematik, Naturwissens., Ingenieurw.",Universität Augsburg,401,2017/18
Ausländer,"Mathematik, Naturwissens., Ingenieurw.",Universität Augsburg,386,2018/19
Ausländer,"Mathematik, Naturwissens., Ingenieurw.",Universität Augsburg,372,2019/20
Ausländer,"Mathematik, Naturwissens., Ingenieurw.",Universität Augsburg,392,2020/21
Ausländer,"Mathematik, Naturwissens., Ingenieurw.",Universität Augsburg,377,2021/22
Ausländer,"Mathematik, Naturwissens., Ingenieurw.",Universität Augsburg,422,2022/23
Ausländer,"Mathematik, Naturwissens., Ingenieurw.",Universität Augsburg,486,2023/24
insgesamt,"Kunst, Kunstwissenschaft",Universität Augsburg,777,2013/14
insgesamt,"Kunst, Kunstwissenschaft",Universität Augsburg,690,2012/13
insgesamt,"Kunst, Kunstwissenschaft",Universität Augsburg,725,2011/12
insgesamt,"Kunst, Kunstwissenschaft",Universität Augsburg,839,2016/17
insgesamt,"Kunst, Kunstwissenschaft",Universität Augsburg,841,2015/16
insgesamt,"Kunst, Kunstwissenschaft",Universität Augsburg,784,2014/15
insgesamt,"Kunst, Kunstwissenschaft",Universität Augsburg,643,2010/11
insgesamt,"Kunst, Kunstwissenschaft",Universität Augsburg,837,2017/18
insgesamt,"Kunst, Kunstwissenschaft",Universität Augsburg,867,2018/19
insgesamt,"Kunst, Kunstwissenschaft",Universität Augsburg,883,2019/20
insgesamt,"Kunst, Kunstwissenschaft",Universität Augsburg,357,1990/91
insgesamt,"Kunst, Kunstwissenschaft",Universität Augsburg,360,1991/92
insgesamt,"Kunst, Kunstwissenschaft",Universität Augsburg,323,1992/93
insgesamt,"Kunst, Kunstwissenschaft",Universität Augsburg,283,1993/94
insgesamt,"Kunst, Kunstwissenschaft",Universität Augsburg,314,1994/95
insgesamt,"Kunst, Kunstwissenschaft",Universität Augsburg,288,1995/96
insgesamt,"Kunst, Kunstwissenschaft",Universität Augsburg,287,1996/97
insgesamt,"Kunst, Kunstwissenschaft",Universität Augsburg,274,1997/98
insgesamt,"Kunst, Kunstwissenschaft",Universität Augsburg,276,1998/99
insgesamt,"Kunst, Kunstwissenschaft",Universität Augsburg,233,1999/00
insgesamt,"Kunst, Kunstwissenschaft",Universität Augsburg,231,2000/01
insgesamt,"Kunst, Kunstwissenschaft",Universität Augsburg,368,2001/02
insgesamt,"Kunst, Kunstwissenschaft",Universität Augsburg,379,2002/03
insgesamt,"Kunst, Kunstwissenschaft",Universität Augsburg,408,2003/04
insgesamt,"Kunst, Kunstwissenschaft",Universität Augsburg,462,2004/05
insgesamt,"Kunst, Kunstwissenschaft",Universität Augsburg,377,2005/06
insgesamt,"Kunst, Kunstwissenschaft",Universität Augsburg,331,2006/07
insgesamt,"Kunst, Kunstwissenschaft",Universität Augsburg,403,2007/08
insgesamt,"Kunst, Kunstwissenschaft",Universität Augsburg,442,2008/09
insgesamt,"Kunst, Kunstwissenschaft",Universität Augsburg,559,2009/10
insgesamt,"Kunst, Kunstwissenschaft",Universität Augsburg,897,2020/21
insgesamt,"Kunst, Kunstwissenschaft",Universität Augsburg,944,2021/22
insgesamt,"Kunst, Kunstwissenschaft",Universität Augsburg,965,2022/23
insgesamt,"Kunst, Kunstwissenschaft",Universität Augsburg,1033,2023/24
männlich,"Kunst, Kunstwissenschaft",Universität Augsburg,203,2013/14
männlich,"Kunst, Kunstwissenschaft",Universität Augsburg,172,2012/13
männlich,"Kunst, Kunstwissenschaft",Universität Augsburg,169,2011/12
männlich,"Kunst, Kunstwissenschaft",Universität Augsburg,243,2016/17
männlich,"Kunst, Kunstwissenschaft",Universität Augsburg,226,2015/16
männlich,"Kunst, Kunstwissenschaft",Universität Augsburg,203,2014/15
männlich,"Kunst, Kunstwissenschaft",Universität Augsburg,147,2010/11
männlich,"Kunst, Kunstwissenschaft",Universität Augsburg,257,2017/18
männlich,"Kunst, Kunstwissenschaft",Universität Augsburg,277,2018/19
männlich,"Kunst, Kunstwissenschaft",Universität Augsburg,273,2019/20
männlich,"Kunst, Kunstwissenschaft",Universität Augsburg,136,1990/91
männlich,"Kunst, Kunstwissenschaft",Universität Augsburg,130,1991/92
männlich,"Kunst, Kunstwissenschaft",Universität Augsburg,112,1992/93
männlich,"Kunst, Kunstwissenschaft",Universität Augsburg,91,1993/94
männlich,"Kunst, Kunstwissenschaft",Universität Augsburg,105,1994/95
männlich,"Kunst, Kunstwissenschaft",Universität Augsburg,109,1995/96
männlich,"Kunst, Kunstwissenschaft",Universität Augsburg,107,1996/97
männlich,"Kunst, Kunstwissenschaft",Universität Augsburg,108,1997/98
männlich,"Kunst, Kunstwissenschaft",Universität Augsburg,97,1998/99
männlich,"Kunst, Kunstwissenschaft",Universität Augsburg,71,1999/00
männlich,"Kunst, Kunstwissenschaft",Universität Augsburg,62,2000/01
männlich,"Kunst, Kunstwissenschaft",Universität Augsburg,82,2001/02
männlich,"Kunst, Kunstwissenschaft",Universität Augsburg,77,2002/03
männlich,"Kunst, Kunstwissenschaft",Universität Augsburg,75,2003/04
männlich,"Kunst, Kunstwissenschaft",Universität Augsburg,77,2004/05
männlich,"Kunst, Kunstwissenschaft",Universität Augsburg,61,2005/06
männlich,"Kunst, Kunstwissenschaft",Universität Augsburg,53,2006/07
männlich,"Kunst, Kunstwissenschaft",Universität Augsburg,51,2007/08
männlich,"Kunst, Kunstwissenschaft",Universität Augsburg,86,2008/09
männlich,"Kunst, Kunstwissenschaft",Universität Augsburg,121,2009/10
männlich,"Kunst, Kunstwissenschaft",Universität Augsburg,271,2020/21
männlich,"Kunst, Kunstwissenschaft",Universität Augsburg,291,2021/22
männlich,"Kunst, Kunstwissenschaft",Universität Augsburg,311,2022/23
männlich,"Kunst, Kunstwissenschaft",Universität Augsburg,348,2023/24
weiblich,"Kunst, Kunstwissenschaft",Universität Augsburg,574,2013/14
weiblich,"Kunst, Kunstwissenschaft",Universität Augsburg,518,2012/13
weiblich,"Kunst, Kunstwissenschaft",Universität Augsburg,556,2011/12
weiblich,"Kunst, Kunstwissenschaft",Universität Augsburg,596,2016/17
weiblich,"Kunst, Kunstwissenschaft",Universität Augsburg,615,2015/16
weiblich,"Kunst, Kunstwissenschaft",Universität Augsburg,581,2014/15
weiblich,"Kunst, Kunstwissenschaft",Universität Augsburg,496,2010/11
weiblich,"Kunst, Kunstwissenschaft",Universität Augsburg,580,2017/18
weiblich,"Kunst, Kunstwissenschaft",Universität Augsburg,590,2018/19
weiblich,"Kunst, Kunstwissenschaft",Universität Augsburg,610,2019/20
weiblich,"Kunst, Kunstwissenschaft",Universität Augsburg,221,1990/91
weiblich,"Kunst, Kunstwissenschaft",Universität Augsburg,230,1991/92
weiblich,"Kunst, Kunstwissenschaft",Universität Augsburg,211,1992/93
weiblich,"Kunst, Kunstwissenschaft",Universität Augsburg,192,1993/94
weiblich,"Kunst, Kunstwissenschaft",Universität Augsburg,209,1994/95
weiblich,"Kunst, Kunstwissenschaft",Universität Augsburg,179,1995/96
weiblich,"Kunst, Kunstwissenschaft",Universität Augsburg,180,1996/97
weiblich,"Kunst, Kunstwissenschaft",Universität Augsburg,166,1997/98
weiblich,"Kunst, Kunstwissenschaft",Universität Augsburg,179,1998/99
weiblich,"Kunst, Kunstwissenschaft",Universität Augsburg,162,1999/00
weiblich,"Kunst, Kunstwissenschaft",Universität Augsburg,169,2000/01
weiblich,"Kunst, Kunstwissenschaft",Universität Augsburg,286,2001/02
weiblich,"Kunst, Kunstwissenschaft",Universität Augsburg,302,2002/03
weiblich,"Kunst, Kunstwissenschaft",Universität Augsburg,333,2003/04
weiblich,"Kunst, Kunstwissenschaft",Universität Augsburg,385,2004/05
weiblich,"Kunst, Kunstwissenschaft",Universität Augsburg,316,2005/06
weiblich,"Kunst, Kunstwissenschaft",Universität Augsburg,278,2006/07
weiblich,"Kunst, Kunstwissenschaft",Universität Augsburg,352,2007/08
weiblich,"Kunst, Kunstwissenschaft",Universität Augsburg,356,2008/09
weiblich,"Kunst, Kunstwissenschaft",Universität Augsburg,438,2009/10
weiblich,"Kunst, Kunstwissenschaft",Universität Augsburg,626,2020/21
weiblich,"Kunst, Kunstwissenschaft",Universität Augsburg,653,2021/22
weiblich,"Kunst, Kunstwissenschaft",Universität Augsburg,654,2022/23
weiblich,"Kunst, Kunstwissenschaft",Universität Augsburg,685,2023/24
Deutsche,"Kunst, Kunstwissenschaft",Universität Augsburg,641,2013/14
Deutsche,"Kunst, Kunstwissenschaft",Universität Augsburg,567,2012/13
Deutsche,"Kunst, Kunstwissenschaft",Universität Augsburg,587,2011/12
Deutsche,"Kunst, Kunstwissenschaft",Universität Augsburg,703,2016/17
Deutsche,"Kunst, Kunstwissenschaft",Universität Augsburg,709,2015/16
Deutsche,"Kunst, Kunstwissenschaft",Universität Augsburg,667,2014/15
Deutsche,"Kunst, Kunstwissenschaft",Universität Augsburg,520,2010/11
Deutsche,"Kunst, Kunstwissenschaft",Universität Augsburg,710,2017/18
Deutsche,"Kunst, Kunstwissenschaft",Universität Augsburg,732,2018/19
Deutsche,"Kunst, Kunstwissenschaft",Universität Augsburg,746,2019/20
Deutsche,"Kunst, Kunstwissenschaft",Universität Augsburg,343,1990/91
Deutsche,"Kunst, Kunstwissenschaft",Universität Augsburg,344,1991/92
Deutsche,"Kunst, Kunstwissenschaft",Universität Augsburg,309,1992/93
Deutsche,"Kunst, Kunstwissenschaft",Universität Augsburg,271,1993/94
Deutsche,"Kunst, Kunstwissenschaft",Universität Augsburg,299,1994/95
Deutsche,"Kunst, Kunstwissenschaft",Universität Augsburg,275,1995/96
Deutsche,"Kunst, Kunstwissenschaft",Universität Augsburg,267,1996/97
Deutsche,"Kunst, Kunstwissenschaft",Universität Augsburg,256,1997/98
Deutsche,"Kunst, Kunstwissenschaft",Universität Augsburg,252,1998/99
Deutsche,"Kunst, Kunstwissenschaft",Universität Augsburg,201,1999/00
Deutsche,"Kunst, Kunstwissenschaft",Universität Augsburg,204,2000/01
Deutsche,"Kunst, Kunstwissenschaft",Universität Augsburg,334,2001/02
Deutsche,"Kunst, Kunstwissenschaft",Universität Augsburg,331,2002/03
Deutsche,"Kunst, Kunstwissenschaft",Universität Augsburg,360,2003/04
Deutsche,"Kunst, Kunstwissenschaft",Universität Augsburg,408,2004/05
Deutsche,"Kunst, Kunstwissenschaft",Universität Augsburg,326,2005/06
Deutsche,"Kunst, Kunstwissenschaft",Universität Augsburg,283,2006/07
Deutsche,"Kunst, Kunstwissenschaft",Universität Augsburg,362,2007/08
Deutsche,"Kunst, Kunstwissenschaft",Universität Augsburg,371,2008/09
Deutsche,"Kunst, Kunstwissenschaft",Universität Augsburg,449,2009/10
Deutsche,"Kunst, Kunstwissenschaft",Universität Augsburg,767,2020/21
Deutsche,"Kunst, Kunstwissenschaft",Universität Augsburg,805,2021/22
Deutsche,"Kunst, Kunstwissenschaft",Universität Augsburg,831,2022/23
Deutsche,"Kunst, Kunstwissenschaft",Universität Augsburg,897,2023/24
Ausländer,"Kunst, Kunstwissenschaft",Universität Augsburg,136,2013/14
Ausländer,"Kunst, Kunstwissenschaft",Universität Augsburg,123,2012/13
Ausländer,"Kunst, Kunstwissenschaft",Universität Augsburg,138,2011/12
Ausländer,"Kunst, Kunstwissenschaft",Universität Augsburg,136,2016/17
Ausländer,"Kunst, Kunstwissenschaft",Universität Augsburg,132,2015/16
Ausländer,"Kunst, Kunstwissenschaft",Universität Augsburg,117,2014/15
Ausländer,"Kunst, Kunstwissenschaft",Universität Augsburg,123,2010/11
Ausländer,"Kunst, Kunstwissenschaft",Universität Augsburg,127,2017/18
Ausländer,"Kunst, Kunstwissenschaft",Universität Augsburg,135,2018/19
Ausländer,"Kunst, Kunstwissenschaft",Universität Augsburg,137,2019/20
Ausländer,"Kunst, Kunstwissenschaft",Universität Augsburg,14,1990/91
Ausländer,"Kunst, Kunstwissenschaft",Universität Augsburg,16,1991/92
Ausländer,"Kunst, Kunstwissenschaft",Universität Augsburg,14,1992/93
Ausländer,"Kunst, Kunstwissenschaft",Universität Augsburg,12,1993/94
Ausländer,"Kunst, Kunstwissenschaft",Universität Augsburg,15,1994/95
Ausländer,"Kunst, Kunstwissenschaft",Universität Augsburg,13,1995/96
Ausländer,"Kunst, Kunstwissenschaft",Universität Augsburg,20,1996/97
Ausländer,"Kunst, Kunstwissenschaft",Universität Augsburg,18,1997/98
Ausländer,"Kunst, Kunstwissenschaft",Universität Augsburg,24,1998/99
Ausländer,"Kunst, Kunstwissenschaft",Universität Augsburg,32,1999/00
Ausländer,"Kunst, Kunstwissenschaft",Universität Augsburg,27,2000/01
Ausländer,"Kunst, Kunstwissenschaft",Universität Augsburg,34,2001/02
Ausländer,"Kunst, Kunstwissenschaft",Universität Augsburg,48,2002/03
Ausländer,"Kunst, Kunstwissenschaft",Universität Augsburg,48,2003/04
Ausländer,"Kunst, Kunstwissenschaft",Universität Augsburg,54,2004/05
Ausländer,"Kunst, Kunstwissenschaft",Universität Augsburg,51,2005/06
Ausländer,"Kunst, Kunstwissenschaft",Universität Augsburg,48,2006/07
Ausländer,"Kunst, Kunstwissenschaft",Universität Augsburg,41,2007/08
Ausländer,"Kunst, Kunstwissenschaft",Universität Augsburg,71,2008/09
Ausländer,"Kunst, Kunstwissenschaft",Universität Augsburg,110,2009/10
Ausländer,"Kunst, Kunstwissenschaft",Universität Augsburg,130,2020/21
Ausländer,"Kunst, Kunstwissenschaft",Universität Augsburg,139,2021/22
Ausländer,"Kunst, Kunstwissenschaft",Universität Augsburg,134,2022/23
Ausländer,"Kunst, Kunstwissenschaft",Universität Augsburg,136,2023/24
insgesamt,Sport,Universität Augsburg,58,2013/14
insgesamt,Sport,Universität Augsburg,56,2012/13
insgesamt,Sport,Universität Augsburg,56,2011/12
insgesamt,Sport,Universität Augsburg,61,2010/11
insgesamt,Sport,Universität Augsburg,104,2016/17
insgesamt,Sport,Universität Augsburg,89,2015/16
insgesamt,Sport,Universität Augsburg,83,2014/15
insgesamt,Sport,Universität Augsburg,119,2017/18
insgesamt,Sport,Universität Augsburg,123,2018/19
insgesamt,Sport,Universität Augsburg,131,2019/20
insgesamt,Sport,Universität Augsburg,22,1990/91
insgesamt,Sport,Universität Augsburg,26,1991/92
insgesamt,Sport,Universität Augsburg,22,1992/93
insgesamt,Sport,Universität Augsburg,22,1993/94
insgesamt,Sport,Universität Augsburg,22,1994/95
insgesamt,Sport,Universität Augsburg,26,1995/96
insgesamt,Sport,Universität Augsburg,40,1996/97
insgesamt,Sport,Universität Augsburg,37,1997/98
insgesamt,Sport,Universität Augsburg,42,1998/99
insgesamt,Sport,Universität Augsburg,36,1999/00
insgesamt,Sport,Universität Augsburg,34,2000/01
insgesamt,Sport,Universität Augsburg,32,2001/02
insgesamt,Sport,Universität Augsburg,28,2002/03
insgesamt,Sport,Universität Augsburg,26,2003/04
insgesamt,Sport,Universität Augsburg,27,2004/05
insgesamt,Sport,Universität Augsburg,24,2005/06
insgesamt,Sport,Universität Augsburg,19,2006/07
insgesamt,Sport,Universität Augsburg,81,2007/08
insgesamt,Sport,Universität Augsburg,83,2008/09
insgesamt,Sport,Universität Augsburg,79,2009/10
insgesamt,Sport,Universität Augsburg,156,2021/22
insgesamt,Sport,Universität Augsburg,147,2020/21
insgesamt,Sport,Universität Augsburg,169,2022/23
insgesamt,Sport,Universität Augsburg,168,2023/24
männlich,Sport,Universität Augsburg,27,2013/14
männlich,Sport,Universität Augsburg,23,2012/13
männlich,Sport,Universität Augsburg,22,2011/12
männlich,Sport,Universität Augsburg,28,2010/11
männlich,Sport,Universität Augsburg,44,2016/17
männlich,Sport,Universität Augsburg,40,2015/16
männlich,Sport,Universität Augsburg,37,2014/15
männlich,Sport,Universität Augsburg,46,2017/18
männlich,Sport,Universität Augsburg,57,2018/19
männlich,Sport,Universität Augsburg,62,2019/20
männlich,Sport,Universität Augsburg,16,1990/91
männlich,Sport,Universität Augsburg,17,1991/92
männlich,Sport,Universität Augsburg,14,1992/93
männlich,Sport,Universität Augsburg,13,1993/94
männlich,Sport,Universität Augsburg,10,1994/95
männlich,Sport,Universität Augsburg,11,1995/96
männlich,Sport,Universität Augsburg,17,1996/97
männlich,Sport,Universität Augsburg,21,1997/98
männlich,Sport,Universität Augsburg,23,1998/99
männlich,Sport,Universität Augsburg,16,1999/00
männlich,Sport,Universität Augsburg,20,2000/01
männlich,Sport,Universität Augsburg,17,2001/02
männlich,Sport,Universität Augsburg,18,2002/03
männlich,Sport,Universität Augsburg,17,2003/04
männlich,Sport,Universität Augsburg,20,2004/05
männlich,Sport,Universität Augsburg,15,2005/06
männlich,Sport,Universität Augsburg,14,2006/07
männlich,Sport,Universität Augsburg,40,2007/08
männlich,Sport,Universität Augsburg,38,2008/09
männlich,Sport,Universität Augsburg,35,2009/10
männlich,Sport,Universität Augsburg,65,2021/22
männlich,Sport,Universität Augsburg,64,2020/21
männlich,Sport,Universität Augsburg,71,2022/23
männlich,Sport,Universität Augsburg,68,2023/24
weiblich,Sport,Universität Augsburg,31,2013/14
weiblich,Sport,Universität Augsburg,33,2012/13
weiblich,Sport,Universität Augsburg,34,2011/12
weiblich,Sport,Universität Augsburg,33,2010/11
weiblich,Sport,Universität Augsburg,60,2016/17
weiblich,Sport,Universität Augsburg,49,2015/16
weiblich,Sport,Universität Augsburg,46,2014/15
weiblich,Sport,Universität Augsburg,73,2017/18
weiblich,Sport,Universität Augsburg,66,2018/19
weiblich,Sport,Universität Augsburg,69,2019/20
weiblich,Sport,Universität Augsburg,6,1990/91
weiblich,Sport,Universität Augsburg,9,1991/92
weiblich,Sport,Universität Augsburg,8,1992/93
weiblich,Sport,Universität Augsburg,9,1993/94
weiblich,Sport,Universität Augsburg,12,1994/95
weiblich,Sport,Universität Augsburg,15,1995/96
weiblich,Sport,Universität Augsburg,23,1996/97
weiblich,Sport,Universität Augsburg,16,1997/98
weiblich,Sport,Universität Augsburg,19,1998/99
weiblich,Sport,Universität Augsburg,20,1999/00
weiblich,Sport,Universität Augsburg,14,2000/01
weiblich,Sport,Universität Augsburg,15,2001/02
weiblich,Sport,Universität Augsburg,10,2002/03
weiblich,Sport,Universität Augsburg,9,2003/04
weiblich,Sport,Universität Augsburg,7,2004/05
weiblich,Sport,Universität Augsburg,9,2005/06
weiblich,Sport,Universität Augsburg,5,2006/07
weiblich,Sport,Universität Augsburg,41,2007/08
weiblich,Sport,Universität Augsburg,45,2008/09
weiblich,Sport,Universität Augsburg,44,2009/10
weiblich,Sport,Universität Augsburg,91,2021/22
weiblich,Sport,Universität Augsburg,83,2020/21
weiblich,Sport,Universität Augsburg,98,2022/23
weiblich,Sport,Universität Augsburg,100,2023/24
Deutsche,Sport,Universität Augsburg,58,2013/14
Deutsche,Sport,Universität Augsburg,55,2012/13
Deutsche,Sport,Universität Augsburg,54,2011/12
Deutsche,Sport,Universität Augsburg,59,2010/11
Deutsche,Sport,Universität Augsburg,101,2016/17
Deutsche,Sport,Universität Augsburg,87,2015/16
Deutsche,Sport,Universität Augsburg,83,2014/15
Deutsche,Sport,Universität Augsburg,116,2017/18
Deutsche,Sport,Universität Augsburg,121,2018/19
Deutsche,Sport,Universität Augsburg,129,2019/20
Deutsche,Sport,Universität Augsburg,22,1990/91
Deutsche,Sport,Universität Augsburg,25,1991/92
Deutsche,Sport,Universität Augsburg,21,1992/93
Deutsche,Sport,Universität Augsburg,21,1993/94
Deutsche,Sport,Universität Augsburg,21,1994/95
Deutsche,Sport,Universität Augsburg,24,1995/96
Deutsche,Sport,Universität Augsburg,37,1996/97
Deutsche,Sport,Universität Augsburg,35,1997/98
Deutsche,Sport,Universität Augsburg,40,1998/99
Deutsche,Sport,Universität Augsburg,35,1999/00
Deutsche,Sport,Universität Augsburg,34,2000/01
Deutsche,Sport,Universität Augsburg,32,2001/02
Deutsche,Sport,Universität Augsburg,27,2002/03
Deutsche,Sport,Universität Augsburg,22,2003/04
Deutsche,Sport,Universität Augsburg,22,2004/05
Deutsche,Sport,Universität Augsburg,18,2005/06
Deutsche,Sport,Universität Augsburg,15,2006/07
Deutsche,Sport,Universität Augsburg,79,2007/08
Deutsche,Sport,Universität Augsburg,78,2008/09
Deutsche,Sport,Universität Augsburg,76,2009/10
Deutsche,Sport,Universität Augsburg,155,2021/22
Deutsche,Sport,Universität Augsburg,146,2020/21
Deutsche,Sport,Universität Augsburg,168,2022/23
Deutsche,Sport,Universität Augsburg,168,2023/24
Ausländer,Sport,Universität Augsburg,0,2013/14
Ausländer,Sport,Universität Augsburg,1,2012/13
Ausländer,Sport,Universität Augsburg,2,2011/12
Ausländer,Sport,Universität Augsburg,2,2010/11
Ausländer,Sport,Universität Augsburg,3,2016/17
Ausländer,Sport,Universität Augsburg,2,2015/16
Ausländer,Sport,Universität Augsburg,0,2014/15
Ausländer,Sport,Universität Augsburg,3,2017/18
Ausländer,Sport,Universität Augsburg,2,2018/19
Ausländer,Sport,Universität Augsburg,2,2019/20
Ausländer,Sport,Universität Augsburg,-,1990/91
Ausländer,Sport,Universität Augsburg,1,1991/92
Ausländer,Sport,Universität Augsburg,1,1992/93
Ausländer,Sport,Universität Augsburg,1,1993/94
Ausländer,Sport,Universität Augsburg,1,1994/95
Ausländer,Sport,Universität Augsburg,2,1995/96
Ausländer,Sport,Universität Augsburg,3,1996/97
Ausländer,Sport,Universität Augsburg,2,1997/98
Ausländer,Sport,Universität Augsburg,2,1998/99
Ausländer,Sport,Universität Augsburg,1,1999/00
Ausländer,Sport,Universität Augsburg,-,2000/01
Ausländer,Sport,Universität Augsburg,-,2001/02
Ausländer,Sport,Universität Augsburg,1,2002/03
Ausländer,Sport,Universität Augsburg,4,2003/04
Ausländer,Sport,Universität Augsburg,5,2004/05
Ausländer,Sport,Universität Augsburg,6,2005/06
Ausländer,Sport,Universität Augsburg,4,2006/07
Ausländer,Sport,Universität Augsburg,2,2007/08
Ausländer,Sport,Universität Augsburg,5,2008/09
Ausländer,Sport,Universität Augsburg,3,2009/10
Ausländer,Sport,Universität Augsburg,1,2021/22
Ausländer,Sport,Universität Augsburg,1,2020/21
Ausländer,Sport,Universität Augsburg,1,2022/23
Ausländer,Sport,Universität Augsburg,-,2023/24
